<?xml version="1.0" encoding="utf-8"?>
<Defs>
	<ScenarioDef>
		<defName>RK_Scenario_Rebel_SpecOpts</defName>
		<label>랫킨 반란군 특수부대</label>
		<description>왕이 통치하고 신분제와 전근대적인 사회 체제에 대한 모순에 쌓일대로 쌓인 분노한 일부 랫킨들은 왕정을 뒤엎고 공화정을 세우려는 반군에 가담하기로 하였습니다. 반군은 이 나약한 랫킨들을 왕정에 맞써 싸울 수 있도록 훈련시키고 왕국에 대한 사보타주를 하는 특수부대로 만들고 반군과 따로 행동할 수 있는 권한도 부여받았습니다.</description>
		<scenario>
			<summary>랫킨 공화정을 세우려는 반군 소속 특수부대원들</summary>
			<playerFaction>
				<def>PlayerFaction</def>
				<factionDef>RK_Rebel_Player_SpetOpts</factionDef>
			</playerFaction>
			<parts>

				<li Class="ScenPart_ConfigPage_ConfigureStartingPawns_Xenotypes">
					<def>ConfigurePawnsXenotypes</def>
					<pawnChoiceCount>10</pawnChoiceCount>
					<xenotypeCounts>
						<li>
							<count>8</count>
							<requiredAtStart>True</requiredAtStart>
							<xenotype>Baseline_Ratkin</xenotype>
							<allowedDevelopmentalStages>Adult</allowedDevelopmentalStages>
							<description>랫킨</description>
						</li>
					</xenotypeCounts>
				</li>

				<li Class="ScenPart_PlayerPawnsArriveMethod">
					<def>PlayerPawnsArriveMethod</def>
					<method>Standing</method>
				</li>

				<!-- Starting research -->
				<li Class="ScenPart_StartingResearch">
					<def>StartingResearch</def>
					<project>Ratkin_Apparel_B1</project>
				</li>
				<li Class="ScenPart_StartingResearch">
					<def>StartingResearch</def>
					<project>Ratkin_Apparel_B2</project>
				</li>
				<li Class="ScenPart_StartingResearch">
					<def>StartingResearch</def>
					<project>Ratkin_Apparel_C1</project>
				</li>
				<li Class="ScenPart_StartingResearch">
					<def>StartingResearch</def>
					<project>Ratkin_Armor_B1</project>
				</li>
				<li Class="ScenPart_StartingResearch">
					<def>StartingResearch</def>
					<project>Machining</project>
				</li>
				<li Class="ScenPart_StartingResearch">
					<def>StartingResearch</def>
					<project>Gunsmithing</project>
				</li>
				<li Class="ScenPart_StartingResearch">
					<def>StartingResearch</def>
					<project>GasOperation</project>
				</li>
				<li Class="ScenPart_StartingResearch">
					<def>StartingResearch</def>
					<project>BlowbackOperation</project>
				</li>
				<li Class="ScenPart_StartingResearch">
					<def>StartingResearch</def>
					<project>Melee_C1</project>
				</li>
				<li Class="ScenPart_StartingResearch">
					<def>StartingResearch</def>
					<project>MedicineProduction</project>
				</li>
				<li Class="ScenPart_StartingResearch">
					<def>StartingResearch</def>
					<project>Clinical_C1</project>
				</li>
				<li Class="ScenPart_StartingResearch">
					<def>StartingResearch</def>
					<project>Food_B1</project>
				</li>



				<!-- Other -->
				<li Class="ScenPart_StartingThing_Defined">
					<def>StartingThing_Defined</def>
					<thingDef>Silver</thingDef>
					<count>1000</count>
				</li>
				<li Class="ScenPart_StartingThing_Defined">
					<def>StartingThing_Defined</def>
					<thingDef>BasicCannedFood</thingDef>
					<count>1000</count>
				</li>
				<li Class="ScenPart_StartingThing_Defined">
					<def>StartingThing_Defined</def>
					<thingDef>MealSurvivalPack</thingDef>
					<count>50</count>
				</li>
				<li Class="ScenPart_StartingThing_Defined">
					<def>StartingThing_Defined</def>
					<thingDef>RK_BulletProofHelmet</thingDef>
					<stuff>Plasteel</stuff>
					<count>8</count>
				</li>			
                <li Class="ScenPart_StartingThing_Defined">
					<def>StartingThing_Defined</def>
					<thingDef>RK_OrderUniform</thingDef>
					<stuff>RK_Wool_KingHamster</stuff>
					<count>4</count>
				</li>
                <li Class="ScenPart_StartingThing_Defined">
					<def>StartingThing_Defined</def>
					<thingDef>RK_OrderUniformB</thingDef>
					<stuff>RK_Wool_KingHamster</stuff>
					<count>4</count>
				</li>
                <li Class="ScenPart_StartingThing_Defined">
					<def>StartingThing_Defined</def>
					<thingDef>RK_OutdoorBackpack</thingDef>
					<stuff>RK_Wool_KingHamster</stuff>
					<count>8</count>
				</li>
				<li Class="ScenPart_StartingThing_Defined">
					<def>StartingThing_Defined</def>
					<thingDef>Gun_TacticalShotgun</thingDef>
					<count>2</count>
				</li>
				<li Class="ScenPart_StartingThing_Defined">
					<def>StartingThing_Defined</def>
					<thingDef>Ammo_12Gauge_Buck</thingDef>
					<count>300</count>
				</li>
				<li Class="ScenPart_StartingThing_Defined">
					<def>StartingThing_Defined</def>
					<thingDef>Gun_MP5Gun</thingDef>
					<count>4</count>
				</li>
				<li Class="ScenPart_StartingThing_Defined">
					<def>StartingThing_Defined</def>
					<thingDef>Ammo_9x19mmPara_FMJ</thingDef>
					<count>720</count>
				</li>
				<li Class="ScenPart_StartingThing_Defined">
					<def>StartingThing_Defined</def>
					<thingDef>Gun_AK47Gun</thingDef>
					<count>2</count>
				</li>
				<li Class="ScenPart_StartingThing_Defined">
					<def>StartingThing_Defined</def>
					<thingDef>Ammo_762x39mmSoviet_FMJ</thingDef>
					<count>600</count>
				</li>
				<li Class="ScenPart_StartingThing_Defined">
					<def>StartingThing_Defined</def>
					<thingDef>MedicineIndustrial</thingDef>
					<count>30</count>
				</li>
				<li Class="ScenPart_StartingThing_Defined">
					<def>StartingThing_Defined</def>
					<thingDef>ComponentIndustrial</thingDef>
					<count>50</count>
				</li>
				<li Class="ScenPart_ScatterThingsNearPlayerStart">
					<def>ScatterThingsNearPlayerStart</def>
					<thingDef>Plasteel</thingDef>
					<count>800</count>
				</li>
				<li Class="ScenPart_StartingThing_Defined">
					<def>StartingThing_Defined</def>
					<thingDef>MeleeWeapon_Knife</thingDef>
					<stuff>SteelBar</stuff>
					<count>6</count>
				</li>
				<li Class="ScenPart_StartingThing_Defined">
					<def>StartingThing_Defined</def>
					<thingDef>TFJ_Tool_Woodcutting_Handaxe</thingDef>
					<stuff>Plasteel</stuff>
					<count>3</count>
				</li>
				<li Class="ScenPart_StartingThing_Defined">
					<def>StartingThing_Defined</def>
					<thingDef>TFJ_Tool_Mining_Pickaxe</thingDef>
					<stuff>Plasteel</stuff>
					<count>3</count>
				</li>
				<li Class="ScenPart_StartingThing_Defined">
					<def>StartingThing_Defined</def>
					<thingDef>TFJ_Tool_Building_Hammer</thingDef>
					<stuff>Plasteel</stuff>
					<count>3</count>
				</li>
				<li Class="ScenPart_StartingThing_Defined">
					<def>StartingThing_Defined</def>
					<thingDef>TFJ_Tool_Paxe</thingDef>
					<stuff>Plasteel</stuff>
					<count>4</count>
				</li>

				<!-- Player starting things -->		
				<li Class="ScenPart_StartingAnimal">
					<def>StartingAnimal</def>
					<animalKind>GermanShepherd</animalKind>
					<count>3</count>
					<bondToRandomPlayerPawnChance>2</bondToRandomPlayerPawnChance>
				</li>				
				<!-- Scatter some things anywhere -->
				<li Class="ScenPart_ScatterThingsAnywhere">
					<def>ScatterThingsAnywhere</def>
					<thingDef>Plasteel</thingDef>
					<count>120</count>
					<allowRoofed>True</allowRoofed>
				</li>
				<li Class="ScenPart_ScatterThingsAnywhere">
					<def>ScatterThingsAnywhere</def>
					<thingDef>Bronze</thingDef>
					<count>120</count>
					<allowRoofed>True</allowRoofed>
				</li>				
				<li Class="ScenPart_ScatterThingsAnywhere">
					<def>ScatterThingsAnywhere</def>
					<visible>false</visible>
					<thingDef>ShipChunk</thingDef>
					<count>17</count>
					<allowRoofed>false</allowRoofed>
				</li>
				<li Class="ScenPart_ScatterThingsAnywhere">
					<def>ScatterThingsAnywhere</def>
					<visible>false</visible>
					<thingDef>ShipMechChunk</thingDef>
					<count>11</count>
					<allowRoofed>false</allowRoofed>
				</li>
				<li Class="ScenPart_ScatterThingsAnywhere">
					<def>ScatterThingsAnywhere</def>
					<visible>false</visible>
					<thingDef>Cairn</thingDef>
					<stuff>ClayBrick</stuff>
					<count>9</count>
				</li>
				<li Class="ScenPart_ScatterThingsAnywhere">
					<def>ScatterThingsAnywhere</def>
					<visible>false</visible>
					<thingDef>BambooPlank</thingDef>
					<count>20</count>
				</li>
				<li Class="ScenPart_ScatterThingsAnywhere">
					<def>ScatterThingsAnywhere</def>
					<visible>false</visible>
					<thingDef>BlocksSandstone</thingDef>
					<count>30</count>
				</li>
				<li Class="VFECore.ScenPart_ForcedFactionGoodwill">
				    <factionDef>Rakinia</factionDef>
					<alwaysHostile>True</alwaysHostile>
					<def>VFEC_ForcedFactionGoodwill</def>
			    </li>
			    <li Class="VFECore.ScenPart_ForcedFactionGoodwill">
				    <factionDef>Rakiniville</factionDef>
					<alwaysHostile>True</alwaysHostile>
					<def>VFEC_ForcedFactionGoodwill</def>
			    </li>
				<li Class="VFECore.ScenPart_ForcedFactionGoodwill">
					<factionDef>RatkinRebel</factionDef>
					<affectStartingGoodwill>True</affectStartingGoodwill>
					<startingGoodwillRange>100~100</startingGoodwillRange>
					<affectNaturalGoodwill>True</affectNaturalGoodwill>
					<naturalGoodwillRange>-55~25</naturalGoodwillRange>
					<def>VFEC_ForcedFactionGoodwill</def>
				</li>
			</parts>
		</scenario>
	</ScenarioDef>
</Defs>