<?xml version="1.0" encoding="UTF-8"?>
<Patch>

	<Operation Class="PatchOperation.FindModByID">
		<mods>
			<li>ludeon.rimworld.anomaly</li>
		</mods>
		<match Class="PatchOperationSequence">
			<operations>
				<li Class="PatchOperationAdd">
 			     <xpath>Defs/ThingDef[defName="Gun_HellcatRifle"]/weaponTags</xpath>
				  <value>
					  <li>RK_ACCU_Ranger</li>
    			  </value>
				</li>

				<li Class="PatchOperationAdd">
 			     <xpath>Defs/ThingDef[defName="Gun_Incinerator"]/weaponTags</xpath>
				  <value>
					  <li>RK_Rebel_ACCU_Purifier</li>
    			  </value>
				</li>
			</operations>

		</match>
	</Operation>

</Patch>