<?xml version="1.0" encoding="utf-8"?>
<Defs>

	<!-- 랫킨 반군 -->
	<!-- 랫킨 반군 무기상 -->
	<TraderKindDef>
		<defName>Caravan_RatkinRebel_CombatTrader</defName>
		<label>전쟁물자 상인</label>
		<commonality>2</commonality>
		<stockGenerators>
			<li Class="StockGenerator_SingleDef">
				<thingDef>Silver</thingDef>
				<countRange>700~4000</countRange>
			</li>
<!--			<li Class="StockGenerator_Tag">
				<tradeTag>CE_AmmoInjector</tradeTag>
				<countRange>500~1000</countRange>
				<thingDefCountRange>6~9</thingDefCountRange>
			</li>
			<li Class="StockGenerator_Category">
				<categoryDef>Ammo</categoryDef>
				<thingDefCountRange>100~600</thingDefCountRange>
			</li>  -->
			<li Class="StockGenerator_MarketValue">
				<tradeTag>Armor</tradeTag>
				<maxTechLevelGenerate>Industrial</maxTechLevelGenerate>
				<countRange>2~4</countRange>
			</li>
<!--		<li Class="StockGenerator_Tag">
				<tradeTag>CE_Turret</tradeTag>
				<thingDefCountRange>-1~5</thingDefCountRange>
				<countRange>1~4</countRange>
			</li>-->	
			<li Class="StockGenerator_Category">
				<categoryDef>WeaponsTurrets</categoryDef>
				<thingDefCountRange>1~2</thingDefCountRange>
			</li>
			<li Class="StockGenerator_Category">
				<categoryDef>WeaponsRanged</categoryDef>
				<maxTechLevelGenerate>Industrial</maxTechLevelGenerate>
				<totalPriceRange>1300~8500</totalPriceRange>
				<countRange>3~8</countRange>
			</li>
			<li Class="StockGenerator_Category">
				<categoryDef>WeaponsMelee</categoryDef>
				<maxTechLevelGenerate>Industrial</maxTechLevelGenerate>
				<totalPriceRange>300~2000</totalPriceRange>
				<countRange>2~4</countRange>
			</li>
			<li Class="StockGenerator_Tag">
				<tradeTag>RareCrate</tradeTag>
				<thingDefCountRange>-3~1</thingDefCountRange>
				<countRange>1~2</countRange>
			</li>
			<li Class="StockGenerator_Tag">
				<tradeTag>NormalCrate</tradeTag>
				<thingDefCountRange>-2~2</thingDefCountRange>
				<countRange>1~3</countRange>
			</li>
			<li Class="StockGenerator_Tag">
				<tradeTag>SimpleCrate</tradeTag>
				<thingDefCountRange>1~2</thingDefCountRange>
				<countRange>1~3</countRange>
			</li>
			<li Class="StockGenerator_Category">
				<tradeTag>Armor</tradeTag>
				<TechLevelGenerate>Industrial</TechLevelGenerate>
				<countRange>4~8</countRange>
			</li>
			<li Class="StockGenerator_Category">
				<tradeTag>Armor</tradeTag>
				<TechLevelGenerate>Industrial</TechLevelGenerate>
				<countRange>4~8</countRange>
			</li>
			<li Class="StockGenerator_SingleDef">
				<thingDef>MedicineIndustrial</thingDef>
				<countRange>5~15</countRange>
			</li>
			<li Class="StockGenerator_SingleDef">
				<thingDef>VG_Ibuprofen</thingDef>
				<countRange>25~60</countRange>
			</li>
			<li Class="StockGenerator_Category">
				<categoryDef>Medicine</categoryDef>
				<thingDefCountRange>2~3</thingDefCountRange>
				<totalPriceRange>300~1000</totalPriceRange>
			</li>
			<li Class="StockGenerator_Tag">
				<tradeTag>MortarShell</tradeTag>
				<thingDefCountRange>1~4</thingDefCountRange>
				<countRange>5~25</countRange>
			</li>			
			<li Class="StockGenerator_Tag">
				<tradeTag>RK_RangeWeapon</tradeTag>
				<thingDefCountRange>1~3</thingDefCountRange>
				<countRange>2~2</countRange>
			</li>
			<li Class="StockGenerator_Category">
				<categoryDef>PlantFoodRaw</categoryDef>
				<thingDefCountRange>5~10</thingDefCountRange>
				<totalPriceRange>700~1500</totalPriceRange>
			</li>
			<li Class="StockGenerator_Category">
				<categoryDef>WeaponCrate</categoryDef>
				<thingDefCountRange>2~5</thingDefCountRange>
				<countRange>2~4</countRange>
			</li>
			<li Class="StockGenerator_Category">
				<categoryDef>WeaponParts</categoryDef>
				<thingDefCountRange>2~4</thingDefCountRange>
				<countRange>10~20</countRange>
			</li>
			<li Class="StockGenerator_Animals">
				<tradeTagsSell>
					<li>AnimalFighter</li>
				</tradeTagsSell>
				<tradeTagsBuy>
					<li>AnimalUncommon</li>
					<li>AnimalExotic</li>
				</tradeTagsBuy>
				<kindCountRange>1~1</kindCountRange>
				<countRange>1~2</countRange>
			</li>
			<li Class="StockGenerator_BuyExpensiveSimple" />
			<li Class="StockGenerator_BuyExpensiveSimple" />
			<li Class="StockGenerator_BuySingleDef">
				<thingDef>Gold</thingDef>
			</li>
			<li Class="StockGenerator_BuySingleDef">
				<thingDef>AntidoteSafe</thingDef>
			</li>
			<li Class="StockGenerator_BuySingleDef">
				<thingDef>MedicalDrink</thingDef>
			</li>
			<li Class="StockGenerator_BuySingleDef">
				<thingDef>MushroomTincture</thingDef>
			</li>			
			<li Class="StockGenerator_BuySingleDef">
				<thingDef>HealrootTincture</thingDef>
			</li>
			<li Class="StockGenerator_BuySingleDef">
				<thingDef>Neutroae</thingDef>
			</li>
			<li Class="StockGenerator_BuyTradeTag">
				<tag>ImplantEmpireCommon</tag>
			</li>
			<li Class="StockGenerator_BuyTradeTag">
				<tag>ImplantEmpireRoyal</tag>
			</li>
			<li Class="StockGenerator_BuyTradeTag">
				<tag>PsylinkNeuroformer</tag>
			</li>
			<li Class="StockGenerator_BuyTradeTag">
				<tag>ExoticBuilding</tag>
			</li>
			<li Class="StockGenerator_BuyTradeTag">
				<tag>MusicalInstrument</tag>
			</li>
			<li Class="StockGenerator_BuyTradeTag">
				<tag>NormalCrate</tag>
			</li>
			<li Class="StockGenerator_BuyTradeTag">
				<tag>RareCrate</tag>
			</li>
		</stockGenerators>
	</TraderKindDef>
	
	<TraderKindDef>
		<defName>Caravan_RatkinRebel_FoodTrader</defName>
		<label>식량 거래상</label>
		<commonality>2</commonality>
		<stockGenerators>
			<li Class="StockGenerator_SingleDef">
				<thingDef>Silver</thingDef>
				<countRange>800~2000</countRange>
			</li>
			<li Class="StockGenerator_Category">
				<categoryDef>PlantFoodRaw</categoryDef>
				<thingDefCountRange>3~7</thingDefCountRange>
				<totalPriceRange>500~1200</totalPriceRange>
			</li>
			<li Class="StockGenerator_SingleDef">
				<thingDef>MealSurvivalPack</thingDef>
				<countRange>10~45</countRange>
			</li>
			<li Class="StockGenerator_Category">
				<categoryDef>Preserves</categoryDef>
				<thingDefCountRange>1~3</thingDefCountRange>
				<totalPriceRange>300~2400</totalPriceRange>
			</li>
			<li Class="StockGenerator_BuyExpensiveSimple" />
			<li Class="StockGenerator_BuyExpensiveSimple" />
			<li Class="StockGenerator_BuySingleDef">
				<thingDef>Gold</thingDef>
			</li>
			<li Class="StockGenerator_BuySingleDef">
				<thingDef>AntidoteSafe</thingDef>
			</li>
			<li Class="StockGenerator_BuySingleDef">
				<thingDef>MedicalDrink</thingDef>
			</li>
			<li Class="StockGenerator_BuySingleDef">
				<thingDef>MushroomTincture</thingDef>
			</li>			
			<li Class="StockGenerator_BuySingleDef">
				<thingDef>HealrootTincture</thingDef>
			</li>
			<li Class="StockGenerator_BuySingleDef">
				<thingDef>Neutroae</thingDef>
			</li>
		</stockGenerators>
	</TraderKindDef>
	
	<!-- 랫킨 비윤리적 반군 -->
	<!-- 랫킨 반군 마약상 -->
	<TraderKindDef>
		<defName>Caravan_RatkinRebel_DrugTrader</defName>
		<label>마약상</label>
		<commonality>2</commonality>
		<stockGenerators>
			<li Class="StockGenerator_SingleDef">
				<thingDef>Silver</thingDef>
				<countRange>500~2000</countRange>
			</li>
			<li Class="StockGenerator_Category">
				<categoryDef>Drugs</categoryDef>
				<thingDefCountRange>
					4~10</thingDefCountRange>
				<price>Cheap</price>
				<totalPriceRange>600~1500</totalPriceRange>
			</li>
			<li Class="StockGenerator_BuyExpensiveSimple" />
			<li Class="StockGenerator_BuyExpensiveSimple" />
			<li Class="StockGenerator_BuySingleDef">
				<thingDef>TobaccoCigarette</thingDef>
			</li>
			<li Class="StockGenerator_BuySingleDef">
				<thingDef>TobaccoCigarChocolate</thingDef>
			</li>
			<li Class="StockGenerator_BuySingleDef">
				<thingDef>TobaccoCigar</thingDef>
			</li>
			<li Class="StockGenerator_BuySingleDef">
				<thingDef>SmokeleafJoint</thingDef>
			</li>
			<li Class="StockGenerator_BuySingleDef">
				<thingDef>PsychiteTea</thingDef>
			</li>
			<li Class="StockGenerator_BuySingleDef">
				<thingDef>Yayo</thingDef>
			</li>
			<li Class="StockGenerator_BuySingleDef">
				<thingDef>Flake</thingDef>
			</li>
			<li Class="StockGenerator_BuySingleDef">
				<thingDef>Gold</thingDef>
			</li>
			<li Class="StockGenerator_BuyTradeTag">
				<tag>Exotic</tag>
			</li>
			<li Class="StockGenerator_BuyTradeTag">
				<tag>Art</tag>
			</li>
		</stockGenerators>
	</TraderKindDef>
	
	<TraderKindDef>
		<defName>Caravan_RatkinRebel_LootTrafficker</defName>
		<label>밀매상</label>
		<commonality>1</commonality>
		<requestable>false</requestable>
		<stockGenerators>
			<li Class="StockGenerator_SingleDef">
				<thingDef>Silver</thingDef>
				<countRange>1500~5500</countRange>
			</li>
			<li Class="StockGenerator_Category">
				<categoryDef>Drugs</categoryDef>
				<thingDefCountRange>2~6</thingDefCountRange>
				<price>Cheap</price>
				<totalPriceRange>400~1800</totalPriceRange>
			</li>
			<li Class="StockGenerator_Category">
				<categoryDef>Apparel</categoryDef>
				<thingDefCountRange>3~10</thingDefCountRange>
				<price>Cheap</price>
				<countRange>1~6</countRange>
			</li>
			<li Class="StockGenerator_MarketValue">
				<tradeTag>Art</tradeTag>
				<price>Cheap</price>
				<countRange>5~10</countRange>
			</li>
			<li Class="StockGenerator_Category">
				<categoryDef>PlantFoodRaw</categoryDef>
				<thingDefCountRange>2~7</thingDefCountRange>
				<price>Cheap</price>
				<totalPriceRange>500~2500</totalPriceRange>
			</li>
			<li Class="StockGenerator_Category">
				<categoryDef>WeaponsRanged</categoryDef>
				<price>Cheap</price>
				<thingDefCountRange>3~5</thingDefCountRange>
				<countRange>1~3</countRange>
			</li>
			<li Class="StockGenerator_Category">
				<categoryDef>Medicine</categoryDef>
				<price>Cheap</price>
				<thingDefCountRange>1~4</thingDefCountRange>
				<totalPriceRange>100~2000</totalPriceRange>
			</li>
			<li Class="StockGenerator_MarketValue">
				<categoryDef>WeaponMelee</categoryDef>
				<price>Cheap</price>
				<totalPriceRange>300~1500</totalPriceRange>
				<countRange>3~4</countRange>
			</li>
			<li Class="StockGenerator_Slaves">
				<countRange>2~8</countRange>
			</li>
			<li Class="StockGenerator_BuyExpensiveSimple" />
			<li Class="StockGenerator_BuyExpensiveSimple" />
			<li Class="StockGenerator_BuySingleDef">
				<thingDef>Drugs</thingDef>
			</li>
			<li Class="StockGenerator_BuySingleDef">
				<thingDef>Gold</thingDef>
			</li>
			<li Class="StockGenerator_BuyTradeTag">
				<tag>Exotic</tag>
			</li>
			<li Class="StockGenerator_BuyTradeTag">
				<tag>Art</tag>
			</li>
		</stockGenerators>
	</TraderKindDef>
	
</Defs>
