<?xml version="1.0" encoding="utf-8" ?>
<Defs>

	<FactionDef ParentName="RK_PlayerFactionBase">
		<defName>RK_Shelter</defName>
		<label>랫킨 피난처</label>
		<description>내전으로 인한 참화로 일부 랫킨들이 숨어살기로 한 구역입니다.</description>
		<isPlayer>true</isPlayer>
		<basicMemberKind>RK_Rebel_Militiaman_Crossbow</basicMemberKind>
		<pawnSingular>랫킨</pawnSingular>
		<pawnsPlural>랫킨들</pawnsPlural>
		<techLevel>Medieval</techLevel>
		<backstoryCategories>
			<li>Offworld</li>
		</backstoryCategories>
		<settlementTexturePath>Icon/RK_DefaultColony</settlementTexturePath>
		<factionIconPath>Icon/RK_icon</factionIconPath>
		<playerInitialSettlementNameMaker>NamerInitialSettlementColony</playerInitialSettlementNameMaker>
		<factionNameMaker>NamerFaction_RatkinKingdom</factionNameMaker>
		<settlementNameMaker>NamerSettlement_RatkinKingdom</settlementNameMaker>
		<melaninRange>0~1</melaninRange>
		<xenotypeSet>
		  <xenotypeChances>
			<Baseline_Ratkin MayRequire="Ludeon.RimWorld.Biotech">999</Baseline_Ratkin>
		  </xenotypeChances>
		  <warnIfTotalAbove1>false</warnIfTotalAbove1>
		</xenotypeSet>
		<startingResearchTags>
			<li>RatkinStart</li>
		</startingResearchTags>
		<startingTechprintsResearchTags>
			<li>RatkinStart</li>
		</startingTechprintsResearchTags>
		<apparelStuffFilter>
			<thingDefs>
				<li>Plasteel</li>
				<li>DevilstrandCloth</li>
				<li>RK_Wool_KingHamster</li>
				<li>FerrosiliconAlloy</li>
				<li>CupronickelAlloy</li>
				<li>SteelBar</li>
			</thingDefs>
		</apparelStuffFilter>
	</FactionDef>

</Defs>