<?xml version="1.0" encoding="utf-8" ?>
<Defs>

	<FactionDef ParentName="RK_PlayerFactionBase">
		<defName>RK_Rebel_Player_SpetOpts</defName>
		<label>랫킨 반군 특수부대</label>
		<description>왕정에 대한 방해공작을 하도록 개별적인 행동을 할 권한을 부여받은 특수부대원 소속 랫킨 반란군입니다.</description>
		<isPlayer>true</isPlayer>
		<basicMemberKind>RK_Rebel_SpecOpts_Player</basicMemberKind>
		<pawnSingular>랫킨 특수부대</pawnSingular>
		<pawnsPlural>특수부대원 소속 반란군들</pawnsPlural>
		<techLevel>Industrial</techLevel>
		<backstoryCategories>
			<li>Offworld</li>
		</backstoryCategories>
		<settlementTexturePath>Icon/RK_DefaultColony</settlementTexturePath>
		<factionIconPath>Icon/RK_Rebel</factionIconPath>
		<playerInitialSettlementNameMaker>NamerInitialSettlementColony</playerInitialSettlementNameMaker>
		<factionNameMaker>NamerFaction_RatkinKingdom</factionNameMaker>
		<settlementNameMaker>NamerSettlement_RatkinKingdom</settlementNameMaker>
		<melaninRange>0~1</melaninRange>
		<xenotypeSet>
		  <xenotypeChances>
			<Baseline_Ratkin MayRequire="Ludeon.RimWorld.Biotech">999</Baseline_Ratkin>
		  </xenotypeChances>
		</xenotypeSet>
		<startingResearchTags>
			<li>ClassicStart</li>
		</startingResearchTags>
		<startingTechprintsResearchTags>
			<li>ClassicStart</li>
		</startingTechprintsResearchTags>
		<apparelStuffFilter>
			<thingDefs>
				<li>Plasteel</li>
				<li>DevilstrandCloth</li>
				<li>Kevlar</li>
				<li>Synthread</li>
				<li>RK_Wool_KingHamster</li>
				<li>FerrosiliconAlloy</li>
				<li>CupronickelAlloy</li>
				<li>SteelBar</li>
			</thingDefs>
		</apparelStuffFilter>
	</FactionDef>

</Defs>