<?xml version="1.0" encoding="utf-8" ?>
<Defs>

	<FactionDef ParentName="RK_PlayerFactionBase">
		<defName>RK_Rebel_Player</defName>
		<label>랫킨 반군 협력자</label>
		<description>왕정을 뒤엎고 공화정으로 바꾸려는 혁명군에 동조하는 소규모 랫킨 집단입니다.</description>
		<isPlayer>true</isPlayer>
		<basicMemberKind>RK_Rebel_VolunteerArmy_Player</basicMemberKind>
		<pawnSingular>반군</pawnSingular>
		<pawnsPlural>반란군들</pawnsPlural>
		<techLevel>Industrial</techLevel>
		<backstoryCategories>
			<li>Offworld</li>
		</backstoryCategories>
		<settlementTexturePath>Icon/RK_DefaultColony</settlementTexturePath>
		<factionIconPath>Icon/RK_Rebel</factionIconPath>
		<playerInitialSettlementNameMaker>NamerInitialSettlementColony</playerInitialSettlementNameMaker>
		<factionNameMaker>NamerFaction_RatkinKingdom</factionNameMaker>
		<settlementNameMaker>NamerSettlement_RatkinKingdom</settlementNameMaker>
		<melaninRange>0~1</melaninRange>
		<xenotypeSet>
		  <xenotypeChances>
			<Baseline_Ratkin MayRequire="Ludeon.RimWorld.Biotech">999</Baseline_Ratkin>
		  </xenotypeChances>
		</xenotypeSet>
		<startingResearchTags>
			<li>ClassicStart</li>
		</startingResearchTags>
		<startingTechprintsResearchTags>
			<li>ClassicStart</li>
		</startingTechprintsResearchTags>
		<apparelStuffFilter>
			<thingDefs>
				<li>Plasteel</li>
				<li>DevilstrandCloth</li>
				<li>Kevlar</li>
				<li>Synthread</li>
				<li>RK_Wool_KingHamster</li>
				<li>FerrosiliconAlloy</li>
				<li>CupronickelAlloy</li>
				<li>SteelBar</li>
			</thingDefs>
		</apparelStuffFilter>
	</FactionDef>

</Defs>