<?xml version="1.0" encoding="utf-8" ?>
<Patch>

	<Operation Class="PatchOperationAdd">
      <xpath>Defs/ThingDef[defName="RK_Crossbow"]/weaponTags</xpath>
	  <value>
		  <li>RK_RioterRanged</li>
      </value>
	</Operation>
	 
	<Operation Class="PatchOperationAdd">
      <xpath>Defs/ThingDef[defName="RK_EnhanceCrossBow"]/weaponTags</xpath>
	  <value>
		  <li>RK_RioterRanged</li>
      </value>
	</Operation>
	 
	<Operation Class="PatchOperationAdd">
      <xpath>Defs/ThingDef[defName="Gun_AK47Gun"]/weaponTags</xpath>
	  <value>
		  <li>RK_RebelRifle</li>
      </value>
	</Operation>
	
	<Operation Class="PatchOperationAdd">
      <xpath>Defs/ThingDef[defName="Gun_AssaultRifle"]/weaponTags</xpath>
	  <value>
		  <li>RK_RebelRifle</li>
      </value>
	</Operation>
	
	<Operation Class="PatchOperationAdd">
      <xpath>Defs/ThingDef[defName="RF_Gun_Tecnine"]/weaponTags</xpath>
	  <value>
		  <li>RK_RebelSMG</li>
      </value>
	</Operation>

	<Operation Class="PatchOperationAdd">
      <xpath>Defs/ThingDef[defName="RF_Gun_GreaseGun"]/weaponTags</xpath>
	  <value>
		  <li>RK_RebelSMG</li>
      </value>
	</Operation>
	
	<Operation Class="PatchOperationAdd">
      <xpath>Defs/ThingDef[defName="Gun_MachinePistol"]/weaponTags</xpath>
	  <value>
		  <li>RK_RebelSMG</li>
      </value>
	</Operation>
	
	<Operation Class="PatchOperationAdd">
      <xpath>Defs/ThingDef[defName="Gun_RKShotgun"]/weaponTags</xpath>
	  <value>
		  <li>RK_RebelST</li>
      </value>
	</Operation>
	
	<Operation Class="PatchOperationAdd">
      <xpath>Defs/ThingDef[defName="Gun_M37A2_USCM"]/weaponTags</xpath>
	  <value>
		  <li>RK_RebelST</li>
      </value>
	</Operation>
	
	<Operation Class="PatchOperationAdd">
      <xpath>Defs/ThingDef[defName="Gun_PumpShotgun"]/weaponTags</xpath>
	  <value>
		  <li>RK_RebelST</li>
      </value>
	</Operation>
	
	<Operation Class="PatchOperationAdd">
      <xpath>Defs/ThingDef[defName="Gun_MachinePistol"]/weaponTags</xpath>
	  <value>
		  <li>RK_RebelSMG</li>
      </value>
	</Operation>
	
	<Operation Class="PatchOperationAdd">
      <xpath>Defs/ThingDef[defName="Gun_Revolver"]/weaponTags</xpath>
	  <value>
		  <li>RK_RebelPT</li>
      </value>
	</Operation>	
	
	<Operation Class="PatchOperationAdd">
      <xpath>Defs/ThingDef[defName="RF_Gun_Deringer"]/weaponTags</xpath>
	  <value>
		  <li>RK_RebelPT</li>
      </value>
	</Operation>	
	
	<Operation Class="PatchOperationAdd">
      <xpath>Defs/ThingDef[defName="RF_Gun_AT2K"]/weaponTags</xpath>
	  <value>
		  <li>RK_RebelPT</li>
      </value>
	</Operation>	
	
	<Operation Class="PatchOperationAdd">
      <xpath>Defs/ThingDef[defName="RF_Gun_VektorCP"]/weaponTags</xpath>
	  <value>
		  <li>RK_RebelPT</li>
      </value>
	</Operation>	
	
	<Operation Class="PatchOperationAdd">
      <xpath>Defs/ThingDef[defName="Gun_SniperRifle"]/weaponTags</xpath>
	  <value>
		  <li>RK_RebelSquad</li>
      </value>
	</Operation>

	<Operation Class="PatchOperationAdd">
      <xpath>Defs/ThingDef[defName="RF_Gun_USC"]/weaponTags</xpath>
	  <value>
		  <li>RK_RebelSquad</li>
      </value>
	</Operation>

	<Operation Class="PatchOperationAdd">
      <xpath>Defs/ThingDef[defName="Gun_M4A1Gun"]/weaponTags</xpath>
	  <value>
		  <li>RK_RebelSquad</li>
      </value>
	</Operation>	
	
	<Operation Class="PatchOperationAdd">
      <xpath>Defs/ThingDef[defName="RK_Fork"]/weaponTags</xpath>
	  <value>
		  <li>RK_PartisanMelee</li>
      </value>
	</Operation>
	
	<Operation Class="PatchOperationAdd">
      <xpath>Defs/ThingDef[defName="MeleeWeapon_Dagger"]/weaponTags</xpath>
	  <value>
		  <li>RK_PartisanMelee</li>
      </value>
	</Operation>
	
	<Operation Class="PatchOperationAdd">
      <xpath>Defs/ThingDef[defName="MeleeWeapon_Gladius"]/weaponTags</xpath>
	  <value>
		  <li>RK_PartisanMelee</li>
      </value>
	</Operation>
	
	<Operation Class="PatchOperationAdd">
      <xpath>Defs/ThingDef[defName="MeleeWeapon_Gladius"]/weaponTags</xpath>
	  <value>
		  <li>RK_GuerrillaMelee</li>
      </value>
	</Operation>
	
	<Operation Class="PatchOperationAdd">
      <xpath>Defs/ThingDef[defName="MeleeWeapon_Morningstar"]/weaponTags</xpath>
	  <value>
		  <li>RK_GuerrillaMelee</li>
      </value>
	</Operation>
</Patch>