<?xml version="1.0" encoding="utf-8" ?>
<Defs>
	
	<RulePackDef>
		<defName>NamerFaction_RatkinRebel</defName>
		<include>
			<li>RebelNameUtility</li>
		</include>
		<rulePack>
			<rulesStrings>
				<li>r_name->[ofThing]의 [front]</li>
				<li>r_name->래키니아 [army]</li>
				<li>r_name->랫킨 시민통합정부</li>
				<li>r_name->자유의 랫킨 연합</li>
				<li>r_name->래키니아 과도정부</li>
				<li>r_name->래키니아 인민공화국</li>
				<li>r_name->래키니아 공화국</li>
				<li>r_name->래키니아 자유주의자 연맹</li>
				<li>r_name->랫킨 국민국가 설립 위원회</li>
				<li>r_name->랫킨 공화국 임시정부</li>
				<li>r_name->랫킨 왕정체제 타도 운동</li>
				<li>r_name->랫킨 농민 반란군</li>
				<li>r_name->독립 랫킨 연합</li>

				<li>front->전선</li>
				<li>army->자유군</li>
				<li>army->혁명군</li>
				<li>army->공화국군</li>
				<li>army->인민군</li>
				<li>army->국민군</li>
				<li>army->해방군</li>
				<li>army->저항군</li>
				<li>army->독립군</li>

				<li>ofThing->평등</li>
				<li>ofThing->자유</li>
				<li>ofThing->해방</li>
				<li>ofThing->인민</li>
				<li>ofThing->혁명</li>
				<li>ofThing->국민</li>
			</rulesStrings>
		</rulePack>
	</RulePackDef>
	
</Defs>