<?xml version="1.0" encoding="utf-8"?>
<ModMetaData>
	<name>Ratkin Expended HSK</name>
	<author>Tabby_Mackerel</author>
	<supportedVersions>
		<li>1.2</li>
		<li>1.3</li>
		<li>1.4</li>
		<li>1.5</li>
	</supportedVersions>
	<packageId>TabbyMackerel.RatkinExpendedSK</packageId>
	<description>
KOR: 랫킨 종족 확장모드. 히드코어 SK 모드팩 전용. Vanilla Factions Expanded 모드 필수!

{추가되는 확장 콘텐츠들 목록}
- 세력: 반란군 세력을 추가합니다. 왕정 체제를 뒤엎고 평등하고 시민 중심의 사회를 세우려는 신체제 세력인 혁명군 세력과 함께 같은 목적을 가지고 있었지만 지금은 변질되면서 부패한 비윤리적인 군벌 세력이 추가됩니다.
	
{시나리오}
1. 랫킨 왕국의 신분제로 인한 모순적인 전근대적인 사회에 환멸을 느낀 랫킨들이 반란의 가담한 시나리오가 추가됩니다. 랫킨 왕국 세력과의 관계가 영구적인 적대로 시작합니다.
2. 랫킨 왕국에 대한 특수작전 임무가 하달되면서, 8명의 중무장한 랫킨 특수부대들이 왕정에 대한 사보타주를 하려는 시나리오가 추가됩니다. 무장 상태와 장비가 좋은 상태로 시작하면서, 시작 시 받는 물품과 완료된 무기 연구가 많이 해금된 채 시작해서 난이도가 쉽습니다.
3. 랫킨 왕국과 공화국군(혁명군), 그리고 군벌 세력의 전투로 인하여 삶의 터전이 붕괴되면서 난민이 되어버린 랫킨들의 시점으로 시작하는 전쟁 상황 속 현실의 민간인처럼 시작하는 시나리오입니다. 높은 확률로 부정적 특성이 달린 채로 시작하며, 영양실조가 심한 상태로 시작될 수 있습니다.

+ 일부 랫킨들은 잃을 것이 없어서 도적이 되어버렸으며, 랫킨 병사들 일부가 탈영하면서 해적질에 가담했다는 설정으로, 우주 해적 세력의 습격에서 등장할 수 있습니다.
+ 랫킨 반란군 시나리오는 시작부터 랫킨 왕국과 영구적인 적대 상태로 시작합니다.(그래서 Vanilla Factions Expanded 모드가 필요한 이유입니다.) 난민 시나리오는 HSK more contents 모드가 있으면 추가적인 물품이 지급됩니다.

{추가 예정}
- 반란군(혁명군) 세력의 고도로 훈련된 "공수부대" 병과와 함께 최강 특수병종 "저거넛" 부대를 낙하기 습격으로 패치할 예정입니다.
- 내전의 혼란을 피해서 도망치면서 새로운 터전을 민들고, 더 이상 내전에 휘말리는 것을 원하지 않으면서 평화롭게 살고 싶어하는 난민 출신 랫킨들의 연합체계인 "난민 연맹"을 추가할 예정입니다. 여러가지 상인 유형(유형별 원자재류, 식품, 유제품, 보존식품, 스캐빈저 등)이 개성넘치게 등장하도록 할 예정입니다.
- 전용 백스토리도 추가하면서, 현실의 역겹고 참혹하며 끔찍한 세상을 간접적으로 비판하면서, 현실의 사회 고발과 풍자를 간접적으로 비판하는 배경으로 만들면서, 각종 여러가지 인간 군상들을 기반으로 한 백스토리들을 추가할 예정입니다.
- Parabellum 모드가 있다면, 1차 세계대전의 스타일로 무장한 왕실군과 혁명군의 참호전 병과가 추가될 예정입니다. 이미 XML 파일로 만들었지만, 기관총을 든 랫킨 기관총 사수가 무게 문제로 인해서 여분의 탄약을 들고 오지 않는다는 단점이 있어서 보류중입니다......
- 오디세이 DLC가 나오면 알 수 없는 세력이 고도로 훈련된 초능력자 랫킨과 메카나이터 랫킨에게 변방계 행성으로 훈련 목적 및 전투력을 측정한다는 명목으로 2명의 랫킨들을 변방계 행성으로 투입시키는 시나리오를 추가할 예정입니다.

+ 그 외에 추가해야 할 것들이 많지만, 하고싶은 게 너무나도 많아서 개발에 차질이 생길 수 있는점을 양해바랍니다.....
+ "하드코어 SK" 모드팩 전용으로 개발된 랫킨 종족 모드의 콘텐츠 확장모드입니다! 절대로 일반적인 림월드 모드에 추가하지 마세요!!!

ENG: Ratkin race expansion mod. Exclusive to the Heathcore SK modpack. Requires Vanilla Factions Expanded mod!

{List of Added Expansion Content}
- Factions: The Rebel faction has been added. The Revolutionary Army aims to overthrow the monarchy and establish a new regime that fosters an egalitarian and citizen-centered society. The Warlords, while initially sharing the same goals as the Rebels, have now become corrupt and unethical.

{Scenario}
1. A new scenario has been added in which the Ratkin, disillusioned with the contradictory and pre-modern society of the Ratkin Kingdom and its class-based system, join a rebellion. Relations with the Ratkin Kingdom begin as a permanent state of hostility.
2. A new scenario has been added in which eight heavily armed Ratkin Special Forces members engage in sabotage against the Kingdom, following a mission approved for special operations against the Ratkin Kingdom. They begin heavily armed and equipped with various starting supplies and weapon research, making the difficulty level easy.
3. The story begins from the perspective of the Ratkins, who have become refugees after their homes were destroyed by fighting between the Ratkin Kingdom, the Republic Army (Revolutionary Army), and the warlords. They begin the scenario as if they were real civilians in a war situation. They are likely to start with negative traits and may suffer from severe malnutrition.

+ Some Ratkins become bandits because they have nothing to lose, while others desert and join pirate groups, and they appear in space pirate raids.
+ The Ratkin Rebels scenario begins with permanent hostility with the Ratkin Kingdom (and therefore requires the Vanilla Faction Expanded mod). The Refugee scenario grants additional supplies if you own the HSK more content mod.

{to be added}
- The highly trained "Paratrooper" unit of the rebels (revolutionary army) and the most powerful special forces unit, the "Juggernaut" unit, will be added, and additional patches will be made in the form of drop pod raids.
We plan to add the "Refugee League," a loose coalition of refugee ratkins seeking to escape the chaos of the civil war and establish a new home, living a peaceful life without being caught up in the conflict. We also plan to add a variety of merchant types, each with their own unique characteristics, including raw materials, food, dairy, preserved food, and scavengers.
- I plan to indirectly criticize the disgusting, cruel, and terrifying world of reality, satirize and criticize social criticism of society, and add backstories based on the diverse human groups in the world.
- If you have the "Parabellum" mod, it will add a Pawnkinds for "WWI-style" trench warfare unit for the Kingdom Army and the  Revolutionary Army (Rebels) . The XML file has already been created, but the machine gun-armed Ratkin Machine Gunners have the disadvantage of being heavy and unable to carry additional ammunition. Development is currently on hold...
- If the Odyssey DLC is compatible with the HSK modpack, we plan to add a scenario where two highly trained Psychic Ratkin and Mechanite Ratkin are sent to a RimWorld planet "to test and measure their survivability and combat prowess" by an unknown, secretive force of advanced technology and science that hides its identity.

+ There are many other things that need to be added, but please understand that there may be delays in development because there are so many things I want to do.....
+ This is a content expansion mod for the Ratkin race mod developed exclusively for the "Hardcore SK" modpack! Please do not add this to a Vanilla RimWorld mod!!!

RUS: Мод расширения расы Раткин. Эксклюзивно для модпака Heathcore SK. Требуется мод Vanilla Factions Expanded!

{Список добавленного контента}
- Фракции: Добавлена ​​фракция «Повстанцы». Революционная армия стремится свергнуть монархию и установить новый режим, способствующий построению равноправного общества, ориентированного на граждан. «Военачальники», изначально разделявшие цели Повстанцев, теперь стали коррумпированными и безнравственными.

{Сценарий}
1. Добавлен новый сценарий, в котором Раткины, разочаровавшись в противоречивом и несовременном обществе Королевства Раткинов и его классовой системе, присоединяются к восстанию. Отношения с Королевством Раткинов изначально носят характер постоянной враждебности.
2. Добавлен новый сценарий, в котором восемь до зубов вооруженных бойцов спецназа Раткин совершают диверсию против Королевства, следуя миссии, одобренной для специальных операций против Королевства Раткин. Они начинают игру с до зубов вооруженными бойцами, различными стартовыми припасами и оружием, что делает уровень сложности низким.
3. История начинается с точки зрения Раткинов, ставших беженцами после того, как их дома были разрушены в результате столкновений между Королевством Раткинов, Революционной армией Республики и военачальниками. Они начинают сценарий как обычные мирные жители, участвующие в войне. Скорее всего, у них будут негативные черты характера, и они могут страдать от серьёзного недоедания.

+ Некоторые Раткины становятся бандитами, потому что им нечего терять, в то время как другие дезертируют и присоединяются к пиратским группировкам, а затем участвуют в набегах космических пиратов.
+ Сценарий «Повстанцы Раткина» начинается с постоянной вражды с Королевством Раткина (и, следовательно, требует мода «Vanilla Faction Expanded»). Сценарий «Беженец» даёт дополнительные ресурсы, если у вас установлен мод «HSK more content».

{будет добавлено}
- Будут добавлены высококвалифицированный отряд «Десантник» повстанцев (революционной армии) и мощнейший отряд спецназа «Джаггернаут», а также будут добавлены дополнительные обновления в виде рейдов с использованием десантных капсул.
- Я планирую косвенно критиковать отвратительный, жестокий и ужасающий мир реальности, высмеивать и критиковать социальную критику общества, а также добавлять предыстории, основанные на различных человеческих группах в мире.
- Если у вас установлен мод "Parabellum", он добавит Pawnkinds для позиционной армейской единицы в стиле Первой мировой войны для Королевской армии и Революционной армии (повстанцев). XML-файл уже создан, но пулемётчики Ratkin имеют недостаток: они тяжёлые и не могут нести дополнительный боезапас. Разработка в настоящее время приостановлена...
- Если дополнение Odyssey будет совместимо с модпаком HSK, мы планируем добавить сценарий, в котором два высококвалифицированных Раткина-Психика и Раткина-Механита будут отправлены на планету RimWorld «для проверки и измерения их выживаемости и боевого мастерства» неизвестной, секретной силой с передовыми технологиями и наукой, которая скрывает свою личность.

+ Есть еще много других вещей, которые нужно добавить, но, пожалуйста, поймите, что могут быть задержки в разработке, потому что есть так много вещей, которые я хочу сделать...
+ Это мод, расширяющий контент для мода расы Раткин, разработанный эксклюзивно для модпака "Hardcore SK"! Пожалуйста, не добавляйте его в мод Vanilla RimWorld!!!


	</description>
	<modDependencies>
		<li>
			<packageId>OskarPotocki.VanillaFactionsExpanded.Core</packageId>
			<displayName>Vanilla Expanded Framework</displayName>
			<steamWorkshopUrl>https://steamcommunity.com/sharedfiles/filedetails/?id=1854607105</steamWorkshopUrl>
		</li>
		<li>
            <packageId>Solaris.RatkinRaceMod</packageId>
            <displayName>NewRatkinPlus</displayName>
        </li>
	</modDependencies>
  <loadAfter>
    <li>OskarPotocki.VanillaFactionsExpanded.Core</li>
    <li>Solaris.RatkinRaceMod</li>
  </loadAfter>
</ModMetaData>