<?xml version="1.0" encoding="utf-8" ?>
<Defs>

<!-- 반군 합류 민간인 -->
 	<PawnKindDef Name="RK_Rebel_CivilianBase" Abstract="True">
	    <race>Ratkin</race>
		<defaultFactionType>RatkinRebel</defaultFactionType>
		<chemicalAddictionChance>0.05</chemicalAddictionChance>
		<backstoryCryptosleepCommonality>0</backstoryCryptosleepCommonality>
		<minGenerationAge>15</minGenerationAge>
		<maxGenerationAge>60</maxGenerationAge>
		<backstoryFilters>
			<li>
				<categories>
					<li>RatkinStory</li>
				</categories>
			</li>
		</backstoryFilters>
		<itemQuality>Poor</itemQuality>
		<apparelIgnoreSeasons>false</apparelIgnoreSeasons>
		<techHediffsMoney>			
			<min>200</min>
			<max>700</max>
		</techHediffsMoney>
		<techHediffsTags>
			<li>Simple</li>
		</techHediffsTags>
		<techHediffsMaxAmount>1</techHediffsMaxAmount>
		<techHediffsChance>0.20</techHediffsChance>
		<invNutrition>2</invNutrition>
		<invFoodDef>RoastedMeat</invFoodDef>
		<xenotypeSet>
		  <xenotypeChances>
			<Baseline_Ratkin MayRequire="Ludeon.RimWorld.Biotech">999</Baseline_Ratkin>
		  </xenotypeChances>
		  <warnIfTotalAbove1>false</warnIfTotalAbove1>
		</xenotypeSet>
	</PawnKindDef>

	<PawnKindDef ParentName="RK_Rebel_CivilianBase">
		<defName>RK_Rebel_Civilian</defName>
		<label>랫킨 민간인</label>
		<combatPower>25</combatPower>
		<isFighter>false</isFighter>
		<apparelMoney>
			<min>500</min>
			<max>800</max>
		</apparelMoney>
		<apparelAllowHeadgearChance>0.2</apparelAllowHeadgearChance>
		<weaponMoney>
			<min>150</min>
			<max>400</max>
		</weaponMoney>
		<weaponTags>
			<li>MeleeTools</li>
		</weaponTags>
		<initialWillRange>0~1</initialWillRange>
		<initialResistanceRange>3~8</initialResistanceRange>
		<apparelTags>
			<li>RK_1Tier</li>
		</apparelTags>
	</PawnKindDef>
	
	<PawnKindDef ParentName="RK_Rebel_CivilianBase">
		<defName>RK_Rebel_Trader</defName>
		<label>랫킨 반군 상인</label>
		<combatPower>50</combatPower>
		<isFighter>false</isFighter>
		<trader>true</trader>
		<apparelRequired>
			<li>RK_CrossBack</li>
			<li>RK_FlatColorCoat</li>
			<li>RK_RibbonHairBand</li>
		</apparelRequired>
		<apparelMoney>
			<min>500</min>
			<max>1500</max>
		</apparelMoney>
		<apparelAllowHeadgearChance>0.4</apparelAllowHeadgearChance>
		<weaponMoney>
			<min>220</min>
			<max>400</max>
		</weaponMoney>
		<weaponTags>
			<li>RK_Crossbow</li>
		</weaponTags>
		<modExtensions>
			<li Class="CombatExtended.LoadoutPropertiesExtension">
				<primaryMagazineCount>
					<min>15</min>
					<max>20</max>
				</primaryMagazineCount>
			</li>
		</modExtensions>
		<initialWillRange>0~1</initialWillRange>
		<initialResistanceRange>3~8</initialResistanceRange>
		<apparelTags>
			<li>RK_1Tier</li>
		</apparelTags>
	</PawnKindDef>

<!-- 반군 민병대 -->
 	<PawnKindDef ParentName="RK_Rebel_CivilianBase" Name="RK_Rebel_MilitiaBase" Abstract="True">
	    <race>Ratkin</race>
		<defaultFactionType>RatkinRebel</defaultFactionType>
		<chemicalAddictionChance>0.08</chemicalAddictionChance>
		<backstoryCryptosleepCommonality>0</backstoryCryptosleepCommonality>
		<minGenerationAge>18</minGenerationAge>
		<maxGenerationAge>35</maxGenerationAge>
		<requiredWorkTags>
			<li>Violent</li>
		</requiredWorkTags>
	    <isFighter>true</isFighter>
	</PawnKindDef>

<!-- 플레이어 소속 민병대원 -->
	<PawnKindDef ParentName="RK_Rebel_MilitiaBase">
		<defName>RK_Rebel_Militiaman_Crossbow_player</defName>
		<label>랫킨 석궁 민병대원</label>
		<combatPower>45</combatPower>
		<defaultFactionType>RK_Shelter</defaultFactionType>				
		<apparelRequired>
			<li>RK_CrossBack</li>
			<li>RK_ApronSkirt</li>
		</apparelRequired>
		<apparelMoney>
			<min>800</min>
			<max>1200</max>
		</apparelMoney>
		<apparelAllowHeadgearChance>0.4</apparelAllowHeadgearChance>
		<weaponMoney>
			<min>250</min>
			<max>800</max>
		</weaponMoney>
		<weaponTags>
			<li>RK_Crossbow</li>
			<li>RK_CrossbowAdvanced</li>
		</weaponTags>
		<modExtensions>
			<li Class="CombatExtended.LoadoutPropertiesExtension">
				<primaryMagazineCount>
					<min>20</min>
					<max>30</max>
				</primaryMagazineCount>
			</li>
		</modExtensions>
		<initialWillRange>0~1</initialWillRange>
		<initialResistanceRange>3~6</initialResistanceRange>
		<apparelTags>
			<li>RK_1Tier</li>
		</apparelTags>
	</PawnKindDef>

	<PawnKindDef ParentName="RK_Rebel_MilitiaBase">
		<defName>RK_Rebel_Militiaman_Crossbow</defName>
		<label>랫킨 석궁 민병대원</label>
		<combatPower>45</combatPower>
		<apparelRequired>
			<li>RK_CrossBack</li>
		</apparelRequired>
		<apparelMoney>
			<min>800</min>
			<max>1200</max>
		</apparelMoney>
		<apparelAllowHeadgearChance>0.4</apparelAllowHeadgearChance>
		<weaponMoney>
			<min>250</min>
			<max>800</max>
		</weaponMoney>
		<weaponTags>
			<li>RK_Crossbow</li>
			<li>RK_CrossbowAdvanced</li>
		</weaponTags>
		<modExtensions>
			<li Class="CombatExtended.LoadoutPropertiesExtension">
				<primaryMagazineCount>
					<min>20</min>
					<max>30</max>
				</primaryMagazineCount>
			</li>
		</modExtensions>
		<initialWillRange>0~1</initialWillRange>
		<initialResistanceRange>3~6</initialResistanceRange>
		<apparelTags>
			<li>RK_1Tier</li>
		</apparelTags>
	</PawnKindDef>
	
	<PawnKindDef ParentName="RK_Rebel_MilitiaBase">
		<defName>RK_Rebel_Militiaman_Melee</defName>
		<label>랫킨 민병대원</label>
		<combatPower>45</combatPower>
		<apparelRequired>
			<li>RK_CrossBack</li>
		</apparelRequired>
		<apparelMoney>
			<min>800</min>
			<max>1200</max>
		</apparelMoney>
		<apparelAllowHeadgearChance>0.4</apparelAllowHeadgearChance>
		<weaponMoney>
			<min>250</min>
			<max>600</max>
		</weaponMoney>
		<weaponTags>
			<li>RK_Murderer</li>
			<li>MedievalMelee</li>
		</weaponTags>
		<initialWillRange>0~1</initialWillRange>
		<initialResistanceRange>5~7</initialResistanceRange>
		<apparelTags>
			<li>RK_1Tier</li>
			<li>RK_LightArmor</li>
		</apparelTags>
	</PawnKindDef>

	<PawnKindDef ParentName="RK_Rebel_MilitiaBase">
		<defName>RK_Rebel_Militiaman_Gunner</defName>
		<label>랫킨 총잡이 민병대원</label>
		<combatPower>60</combatPower>
		<apparelRequired>
			<li>RK_Backpack</li>
		</apparelRequired>
		<apparelMoney>
			<min>800</min>
			<max>2250</max>
		</apparelMoney>
		<apparelAllowHeadgearChance>0.4</apparelAllowHeadgearChance>
		<weaponMoney>
			<min>250</min>
			<max>1000</max>
		</weaponMoney>
		<weaponTags>
			<li>RK_Militiaman</li>
			<li>RK_Rifle</li>
		</weaponTags>
		<modExtensions>
			<li Class="CombatExtended.LoadoutPropertiesExtension">
				<primaryMagazineCount>
					<min>3</min>
					<max>5</max>
				</primaryMagazineCount>
			</li>
		</modExtensions>
		<initialWillRange>0~1</initialWillRange>
		<initialResistanceRange>5~8</initialResistanceRange>
		<apparelTags>
			<li>RK_1Tier</li>
			<li>BanditsLight</li>
		</apparelTags>
	</PawnKindDef>

	<PawnKindDef ParentName="RK_Rebel_MilitiaBase">
		<defName>RK_Rebel_Militiaman_GunnerAdvanced</defName>
		<label>랫킨 숙련된 총잡이 민병대원</label>
		<combatPower>85</combatPower>
		<apparelRequired>
			<li>RK_Backpack</li>
		</apparelRequired>
		<apparelMoney>
			<min>1400</min>
			<max>4000</max>
		</apparelMoney>
		<apparelAllowHeadgearChance>0.6</apparelAllowHeadgearChance>
		<weaponMoney>
			<min>400</min>
			<max>1500</max>
		</weaponMoney>
		<weaponTags>
			<li>TierOneSMG</li>
			<li>RK_MilitiamanAdvanced</li>
		</weaponTags>
		<modExtensions>
			<li Class="CombatExtended.LoadoutPropertiesExtension">
				<primaryMagazineCount>
					<min>5</min>
					<max>6</max>
				</primaryMagazineCount>
			</li>
		</modExtensions>
		<initialWillRange>0~1</initialWillRange>
		<initialResistanceRange>5~10</initialResistanceRange>
		<apparelTags>
			<li>RK_1Tier</li>
			<li>BanditsLight</li>
		</apparelTags>
	</PawnKindDef>

	<PawnKindDef ParentName="RK_Rebel_MilitiaBase">
		<defName>RK_Rebel_VolunteerArmy</defName>
		<label>랫킨 의용병</label>
		<combatPower>100</combatPower>
		<apparelRequired>
			<li>RK_Backpack</li>
		</apparelRequired>
		<apparelMoney>
			<min>1500</min>
			<max>4000</max>
		</apparelMoney>
		<apparelAllowHeadgearChance>0.8</apparelAllowHeadgearChance>
		<defaultFactionType>RK_Rebel_Player</defaultFactionType>
		<weaponMoney>
			<min>800</min>
			<max>2000</max>
		</weaponMoney>
		<weaponTags>
			<li>TierOneSMG</li>
			<li>RK_MilitiamanAdvanced</li>
			<li>RK_VolunteerArmy</li>
		</weaponTags>
		<modExtensions>
			<li Class="CombatExtended.LoadoutPropertiesExtension">
				<primaryMagazineCount>
					<min>5</min>
					<max>7</max>
				</primaryMagazineCount>
			</li>
		</modExtensions>
		<initialWillRange>0~2</initialWillRange>
		<initialResistanceRange>5~15</initialResistanceRange>
		<apparelTags>
			<li>RK_1Tier</li>
			<li>BanditsLight</li>
			<li>RK_VolunteerArmy</li>
		</apparelTags>
	</PawnKindDef>	

	<!--플레이어 소속 의용군--> 
	<PawnKindDef ParentName="RK_Rebel_MilitiaBase">
		<defName>RK_Rebel_VolunteerArmy_Player</defName>
		<label>랫킨 의용병</label>
		<race>Ratkin</race>
		<combatPower>100</combatPower>
		<apparelRequired>
			<li>RK_OutdoorBackpack</li>
		</apparelRequired>
		<defaultFactionType>RK_Rebel_Player</defaultFactionType>
		<apparelMoney>
			<min>1500</min>
			<max>4300</max>
		</apparelMoney>
		<apparelAllowHeadgearChance>0.8</apparelAllowHeadgearChance>
		<weaponMoney>
			<min>800</min>
			<max>2500</max>
		</weaponMoney>
		<weaponTags>
			<li>SMG1</li>
			<li>TierOneSMG</li>
			<li>RK_MilitiamanAdvanced</li>
			<li>RK_VolunteerArmy</li>
			<li>RF1</li>
		</weaponTags>
		<modExtensions>
			<li Class="CombatExtended.LoadoutPropertiesExtension">
				<primaryMagazineCount>
					<min>8</min>
					<max>14</max>
				</primaryMagazineCount>
			</li>
		</modExtensions>
		<initialWillRange>0~2</initialWillRange>
		<initialResistanceRange>5~15</initialResistanceRange>
		<apparelTags>
			<li>RK_1Tier</li>
			<li>BanditsLight</li>
			<li>RK_VolunteerArmy</li>
		</apparelTags>
	</PawnKindDef> 


	
	

<!-- 정규 반군 계열 -->
<!-- 랫킨 무장 반군 -->
 	<PawnKindDef Name="RK_RebelBase" Abstract="True">
	    <race>Ratkin</race>
		<defaultFactionType>RatkinRebel</defaultFactionType>
		<chemicalAddictionChance>0.05</chemicalAddictionChance>
		<backstoryCryptosleepCommonality>0</backstoryCryptosleepCommonality>
		<minGenerationAge>18</minGenerationAge>
		<maxGenerationAge>30</maxGenerationAge>
		<backstoryFilters>
			<li>
				<categories>
					<li>RatkinStory</li>
					<li>RatkinSoldier</li>
					<li>RatkinGuardener</li>
				</categories>
			</li>
		</backstoryFilters>
		<disallowedTraits>
			<li>Brawler</li>
		</disallowedTraits>
		<itemQuality>Normal</itemQuality>
		<apparelIgnoreSeasons>false</apparelIgnoreSeasons>
		<techHediffsMoney>			
			<min>200</min>
			<max>700</max>
		</techHediffsMoney>
		<techHediffsTags>
			<li>Simple</li>
		</techHediffsTags>
		<techHediffsMaxAmount>1</techHediffsMaxAmount>
		<techHediffsChance>0.15</techHediffsChance>
		<invNutrition>3</invNutrition>
		<invFoodDef>BasicCannedFood</invFoodDef>
		<requiredWorkTags>
			<li>Violent</li>
		</requiredWorkTags>
		<xenotypeSet>
		  <xenotypeChances>
			<Baseline_Ratkin MayRequire="Ludeon.RimWorld.Biotech">999</Baseline_Ratkin>
		  </xenotypeChances>
		  <warnIfTotalAbove1>false</warnIfTotalAbove1>
		</xenotypeSet>
	</PawnKindDef>
	
	<PawnKindDef ParentName="RK_RebelBase">
		<defName>RK_Rebel_Rifleman</defName>
		<label>랫킨 반군 소총병</label>
		<combatPower>140</combatPower>
		<apparelRequired>
			<li>RK_OrderUniformB</li>
			<li>RK_BulletProofHelmet</li>
			<li>RK_OutdoorBackpack</li>
		</apparelRequired>
		<isFighter>true</isFighter>
		<apparelMoney>
			<min>2500</min>
			<max>4000</max>
		</apparelMoney>
		<apparelAllowHeadgearChance>1</apparelAllowHeadgearChance>
		<weaponMoney>
			<min>1000</min>
			<max>2300</max>
		</weaponMoney>
		<weaponTags>
			<li>RK_RebelRifle</li>
		</weaponTags>
		<modExtensions>
			<li Class="CombatExtended.LoadoutPropertiesExtension">
				<primaryMagazineCount>
					<min>8</min>
					<max>16</max>
				</primaryMagazineCount>
			</li>
		</modExtensions>
		<initialWillRange>2~3</initialWillRange>
		<initialResistanceRange>9~15</initialResistanceRange>
		<apparelTags>
			<li>RK_Rebel</li>
		</apparelTags>
		<skills>
			<li>
				<skill>Shooting</skill>
				<range>5~11</range>
			</li>
			<li>
				<skill>Melee</skill>
				<range>5~8</range>
			</li>
		</skills>
	</PawnKindDef>

	<PawnKindDef ParentName="RK_RebelBase">
		<defName>RK_Rebel_Charger</defName>
		<label>랫킨 반군 돌격병</label>
		<apparelRequired>
			<li>RK_OrderUniformB</li>
			<li>RK_BulletProofHelmet</li>
			<li>RK_OutdoorBackpack</li>
		</apparelRequired>
		<combatPower>140</combatPower>
		<isFighter>true</isFighter>
		<apparelMoney>
			<min>3000</min>
			<max>5000</max>
		</apparelMoney>
		<apparelTags>
			<li>RK_Rebel</li>
		</apparelTags>
		<apparelAllowHeadgearChance>1</apparelAllowHeadgearChance>
		<weaponMoney>
			<min>1000</min>
			<max>2500</max>
		</weaponMoney>
		<weaponTags>
			<li>RK_RebelST</li>
			</weaponTags>
		<modExtensions>
			<li Class="CombatExtended.LoadoutPropertiesExtension">
				<primaryMagazineCount>
					<min>7</min>
					<max>8</max>
				</primaryMagazineCount>
			</li>
		</modExtensions>
		<initialWillRange>2~3</initialWillRange>
		<initialResistanceRange>9~15</initialResistanceRange>
		<skills>
			<li>
				<skill>Shooting</skill>
				<range>4~10</range>
			</li>
			<li>
				<skill>Melee</skill>
				<range>7~13</range>
			</li>
		</skills>
	</PawnKindDef>

	<PawnKindDef ParentName="RK_RebelBase">
		<defName>RK_Rebel_AntiTanker</defName>
		<label>랫킨 반군 대전차병</label>
		<apparelRequired>
			<li>RK_OrderUniformB</li>
			<li>RK_BulletProofHelmet</li>
			<li>RK_OutdoorBackpack</li>
		</apparelRequired>
		<combatPower>180</combatPower>
		<isFighter>true</isFighter>
		<apparelMoney>
			<min>3000</min>
			<max>5000</max>
		</apparelMoney>
		<apparelTags>
			<li>RK_Rebel</li>
		</apparelTags>
		<apparelAllowHeadgearChance>1</apparelAllowHeadgearChance>
		<weaponMoney>
			<min>2000</min>
			<max>4000</max>
		</weaponMoney>
		<weaponTags>
			<li>RK_RebelAntitank</li>
			</weaponTags>
		<modExtensions>
			<li Class="CombatExtended.LoadoutPropertiesExtension">
				<primaryMagazineCount>
					<min>5</min>
					<max>10</max>
				</primaryMagazineCount>
			</li>
		</modExtensions>
		<initialWillRange>2~3</initialWillRange>
		<initialResistanceRange>9~15</initialResistanceRange>
		<skills>
			<li>
				<skill>Shooting</skill>
				<range>4~10</range>
			</li>
			<li>
				<skill>Melee</skill>
				<range>7~13</range>
			</li>
		</skills>
	</PawnKindDef>
	
	<PawnKindDef ParentName="RK_RebelBase">
		<defName>RK_Rebel_Light</defName>
		<label>랫킨 반군 경보병</label>
		<apparelRequired>
			<li>RK_OrderUniform</li>
			<li>RK_BulletProofHelmet</li>
			<li>RK_OutdoorBackpack</li>
		</apparelRequired>
		<combatPower>140</combatPower>
		<isFighter>true</isFighter>
		<apparelMoney>
			<min>2400</min>
			<max>4200</max>
		</apparelMoney>
		<apparelTags>
			<li>RK_Rebel</li>
		</apparelTags>
		<apparelAllowHeadgearChance>1</apparelAllowHeadgearChance>
		<weaponMoney>
			<min>900</min>
			<max>2500</max>
		</weaponMoney>
		<weaponTags>
			<li>RK_RebelSMG</li>
			</weaponTags>
		<modExtensions>
			<li Class="CombatExtended.LoadoutPropertiesExtension">
				<primaryMagazineCount>
					<min>5</min>
					<max>6</max>
				</primaryMagazineCount>
			</li>
		</modExtensions>
		<initialWillRange>2~3</initialWillRange>
		<initialResistanceRange>9~15</initialResistanceRange>
		<skills>
			<li>
				<skill>Shooting</skill>
				<range>5~9</range>
			</li>
			<li>
				<skill>Melee</skill>
				<range>4~7</range>
			</li>
		</skills>
	</PawnKindDef>
	
	<PawnKindDef ParentName="RK_RebelBase">
		<defName>RK_Rebel_Recruit</defName>
		<label>랫킨 반군 신병</label>
		<combatPower>90</combatPower>
		<apparelRequired>
			<li>RK_Backpack</li>
			<li>RK_OrderUniform</li>
		</apparelRequired>
		<isFighter>true</isFighter>
		<apparelMoney>
			<min>2000</min>
			<max>3200</max>
		</apparelMoney>		
		<apparelTags>
			<li>RK_Rebel</li>
		</apparelTags>		
		<apparelAllowHeadgearChance>0.5</apparelAllowHeadgearChance>
		<weaponMoney>
			<min>600</min>
			<max>1300</max>
		</weaponMoney>
		<weaponTags>
			<li>RK_RebelPT</li>
			</weaponTags>
		<modExtensions>
			<li Class="CombatExtended.LoadoutPropertiesExtension">
				<primaryMagazineCount>
					<min>4</min>
					<max>5</max>
				</primaryMagazineCount>
			</li>
		</modExtensions>
		<initialWillRange>1~2</initialWillRange>
		<initialResistanceRange>6~10</initialResistanceRange>
		<skills>
			<li>
				<skill>Shooting</skill>
				<range>2~6</range>
			</li>
			<li>
				<skill>Melee</skill>
				<range>0~4</range>
			</li>
		</skills>
	</PawnKindDef>
	
	<PawnKindDef ParentName="RK_RebelBase">
		<defName>RK_Rebel_Squadleader</defName>
		<label>랫킨 반군 분대장</label>
		<combatPower>180</combatPower>
		<apparelRequired>
			<li>RK_OrderUniformB</li>
			<li>Apparello_Beret</li>
			<li>RK_OutdoorBackpack</li>
			<!--<li>Apparello_Gas</li>-->
		</apparelRequired>
		<isFighter>true</isFighter>
		<apparelMoney>
			<min>3800</min>
			<max>6000</max>
		</apparelMoney>
		<apparelTags>
			<li>RK_RebelSquad</li>
		</apparelTags>
		<apparelAllowHeadgearChance>1</apparelAllowHeadgearChance>
		<weaponMoney>
			<min>2000</min>
			<max>3000</max>
		</weaponMoney>
		<weaponTags>
			<li>RK_RebelSquadleader</li>
		</weaponTags>
		<modExtensions>
			<li Class="CombatExtended.LoadoutPropertiesExtension">
				<primaryMagazineCount>
					<min>5</min>
					<max>6</max>
				</primaryMagazineCount>
			</li>
		</modExtensions>
		<initialWillRange>2~3</initialWillRange>
		<initialResistanceRange>15~20</initialResistanceRange>
		<skills>
			<li>
				<skill>Shooting</skill>
				<range>6~12</range>
			</li>
			<li>
				<skill>Melee</skill>
				<range>5~12</range>
			</li>
			<li>
				<skill>Social</skill>
				<range>5~10</range>
			</li>
		</skills>
	</PawnKindDef>
	
<!-- 랫킨 현대화 반군 -->

 	<PawnKindDef Name="RK_RebelEliteBase" Abstract="True">
	    <race>Ratkin</race>
		<defaultFactionType>RatkinRebel</defaultFactionType>
		<chemicalAddictionChance>0.05</chemicalAddictionChance>
		<backstoryCryptosleepCommonality>0</backstoryCryptosleepCommonality>
		<minGenerationAge>18</minGenerationAge>
		<maxGenerationAge>30</maxGenerationAge>
		<backstoryFilters>
			<li>
				<categories>
					<li>RatkinSoldier</li>
					<li>RatkinGuardener</li>
				</categories>
			</li>
		</backstoryFilters>
		<disallowedTraits>
			<li>Brawler</li>
		</disallowedTraits>
		<itemQuality>Normal</itemQuality>
		<apparelIgnoreSeasons>false</apparelIgnoreSeasons>
		<techHediffsMoney>			
			<min>500</min>
			<max>1500</max>
		</techHediffsMoney>
		<techHediffsTags>
			<li>Advanced</li>
			<li>ImplantEmpireCommon</li>
		</techHediffsTags>
		<techHediffsMaxAmount>1</techHediffsMaxAmount>
		<techHediffsChance>0.15</techHediffsChance>
		<invNutrition>3</invNutrition>
		<invFoodDef>MealSurvivalPack</invFoodDef>
		<requiredWorkTags>
			<li>Violent</li>
		</requiredWorkTags>
		<xenotypeSet>
		  <xenotypeChances>
			<Baseline_Ratkin MayRequire="Ludeon.RimWorld.Biotech">999</Baseline_Ratkin>
		  </xenotypeChances>
		  <warnIfTotalAbove1>false</warnIfTotalAbove1>
		</xenotypeSet>
	</PawnKindDef>

<!-- 플레이어 소속 특수부대원 -->
	<PawnKindDef ParentName="RK_RebelEliteBase">
		<defName>RK_Rebel_SpecOpts_Player</defName>
		<label>랫킨 반군 특수부대원</label>
		<race>Ratkin</race>
		<combatPower>150</combatPower>
		<apparelRequired>
			<li>Apparel_FlakJacket</li>
			<li>Tactical_Helmet</li>
			<li>CE_Apparel_TacVest</li>
			<li>RK_OutdoorBackpack</li>
		</apparelRequired>
		<requiredWorkTags>
			<li>Violent</li>
		</requiredWorkTags>
		<defaultFactionType>RK_Rebel_Player_SpetOpts</defaultFactionType>
		<apparelTags>
			<li>RK_RebelElite</li>
			<li>Military</li>
			<li>IndustrialMilitaryAdvanced</li>
		</apparelTags>
		<apparelMoney>
			<min>4000</min>
			<max>6500</max>
		</apparelMoney>
		<weaponTags>
			<li>RK_RebelSquad</li>
			<li>RK_RebelSMG</li>
			<li>RK_RebelST</li>
			<li>TierOneRifle</li>
			<li>TierOneSMG</li>
			<li>TierTwoSMG</li>
		</weaponTags>
		<weaponMoney>
			<min>2000</min>
			<max>4500</max>
		</weaponMoney>
		<apparelAllowHeadgearChance>1</apparelAllowHeadgearChance>
		<initialWillRange>2~4</initialWillRange>
		<initialResistanceRange>15~25</initialResistanceRange>
		<skills>
			<li>
				<skill>Shooting</skill>
				<range>7~12</range>
			</li>
			<li>
				<skill>Melee</skill>
				<range>5~10</range>
			</li>
		</skills>
		<modExtensions>
			<li Class="CombatExtended.LoadoutPropertiesExtension">
				<primaryMagazineCount>
					<min>6</min>
					<max>8</max>
				</primaryMagazineCount>
			</li>
		</modExtensions>
	</PawnKindDef>

<!-- 	<PawnKindDef ParentName="RK_RebelEliteBase" Name="RK_RebelEliteInfantryBase" Abstract="True">
		<combatPower>180</combatPower>
		<apparelRequired>
			<li>Apparel_FlakJacket</li>
			<li>Tactical_Helmet</li>
			<li>CE_Apparel_TacVest</li>
			<li>RK_OutdoorBackpack</li>
		</apparelRequired>
		<isFighter>true</isFighter>
		<apparelMoney>
			<min>6000</min>
			<max>8000</max>
		</apparelMoney>
		<apparelAllowHeadgearChance>1</apparelAllowHeadgearChance>
		<weaponMoney>
			<min>2000</min>
			<max>4500</max>
		</weaponMoney>
		<initialWillRange>2~4</initialWillRange>
		<initialResistanceRange>15~25</initialResistanceRange>
		<apparelTags>
			<li>RK_RebelElite</li>
			<li>Military</li>
			<li>IndustrialMilitaryAdvanced</li>
		</apparelTags>
		<skills>
			<li>
				<skill>Shooting</skill>
				<range>8~15</range>
			</li>
			<li>
				<skill>Melee</skill>
				<range>5~15</range>
			</li>
		</skills>
	</PawnKindDef>
-->	
	<PawnKindDef ParentName="RK_RebelEliteBase">
		<defName>RK_RebelElite_Rifleman</defName>
		<label>랫킨 정예 반군 소총병</label>
		<combatPower>180</combatPower>
		<apparelRequired>
			<li>Apparel_FlakJacket</li>
			<li>Tactical_Helmet</li>
			<li>CE_Apparel_TacVest</li>
			<li>RK_OutdoorBackpack</li>
		</apparelRequired>
		<isFighter>true</isFighter>
		<apparelMoney>
			<min>6000</min>
			<max>8000</max>
		</apparelMoney>
		<apparelAllowHeadgearChance>1</apparelAllowHeadgearChance>
		<weaponMoney>
			<min>2000</min>
			<max>6000</max>
		</weaponMoney>
		<weaponTags>
			<li>RK_RebelRifleElite</li>
		</weaponTags>
		<modExtensions>
			<li Class="CombatExtended.LoadoutPropertiesExtension">
				<primaryMagazineCount>
					<min>7</min>
					<max>8</max>
				</primaryMagazineCount>
			</li>
		</modExtensions>
		<initialWillRange>2~4</initialWillRange>
		<initialResistanceRange>15~25</initialResistanceRange>
		<apparelTags>
			<li>RK_RebelElite</li>
			<li>Military</li>
			<li>IndustrialMilitaryAdvanced</li>
		</apparelTags>
		<skills>
			<li>
				<skill>Shooting</skill>
				<range>8~15</range>
			</li>
			<li>
				<skill>Melee</skill>
				<range>5~15</range>
			</li>
		</skills>
	</PawnKindDef>

	<PawnKindDef ParentName="RK_RebelEliteBase">
		<defName>RK_RebelElite_Charger</defName>
		<label>랫킨 정예 반군 돌격병</label>
		<apparelRequired>
			<li>Apparel_FlakJacket</li>
			<li>USCM_CamoHelmet</li>
			<li>CE_Apparel_TacVest</li>
			<li>RK_OutdoorBackpack</li>
		</apparelRequired>
		<combatPower>180</combatPower>
		<isFighter>true</isFighter>
		<apparelMoney>
			<min>6000</min>
			<max>8000</max>
		</apparelMoney>
		<apparelTags>
			<li>RK_RebelElite</li>
			<li>Military</li>
			<li>IndustrialMilitaryAdvanced</li>
		</apparelTags>
		<apparelAllowHeadgearChance>1</apparelAllowHeadgearChance>
		<weaponMoney>
			<min>1500</min>
			<max>3000</max>
		</weaponMoney>
		<weaponTags>
			<li>RK_RebelSTElite</li>
		</weaponTags>
		<modExtensions>
			<li Class="CombatExtended.LoadoutPropertiesExtension">
				<primaryMagazineCount>
					<min>8</min>
					<max>10</max>
				</primaryMagazineCount>
			</li>
		</modExtensions>
		<initialWillRange>2~4</initialWillRange>
		<initialResistanceRange>15~25</initialResistanceRange>
		<skills>
			<li>
				<skill>Shooting</skill>
				<range>7~12</range>
			</li>
			<li>
				<skill>Melee</skill>
				<range>7~13</range>
			</li>
		</skills>
	</PawnKindDef>

	<PawnKindDef ParentName="RK_RebelEliteBase">
		<defName>RK_RebelElite_AntiTanker</defName>
		<label>랫킨 정예 반군 대전차병</label>
		<apparelRequired>
			<li>Apparel_FlakJacket</li>
			<li>USCM_CamoHelmet</li>
			<li>CE_Apparel_TacVest</li>
			<li>RK_OutdoorBackpack</li>
		</apparelRequired>
		<combatPower>200</combatPower>
		<isFighter>true</isFighter>
		<apparelMoney>
			<min>6000</min>
			<max>8000</max>
		</apparelMoney>
		<apparelTags>
			<li>RK_RebelElite</li>
			<li>Military</li>
			<li>IndustrialMilitaryAdvanced</li>
		</apparelTags>
		<apparelAllowHeadgearChance>1</apparelAllowHeadgearChance>
		<weaponMoney>
			<min>2000</min>
			<max>5000</max>
		</weaponMoney>
		<weaponTags>
			<li>RK_RebelAntitankElite</li>
			</weaponTags>
		<modExtensions>
			<li Class="CombatExtended.LoadoutPropertiesExtension">
				<primaryMagazineCount>
					<min>10</min>
					<max>20</max>
				</primaryMagazineCount>
			</li>
		</modExtensions>
		<initialWillRange>2~4</initialWillRange>
		<initialResistanceRange>15~25</initialResistanceRange>
		<skills>
			<li>
				<skill>Shooting</skill>
				<range>4~10</range>
			</li>
			<li>
				<skill>Melee</skill>
				<range>7~13</range>
			</li>
		</skills>
	</PawnKindDef>	
	
	<PawnKindDef ParentName="RK_RebelEliteBase">
		<defName>RK_RebelElite_Light</defName>
		<label>랫킨 정예 반군 경보병</label>
		<apparelRequired>
			<li>Apparel_FlakPants</li>
			<li>Marine_Helmet</li>
			<li>CE_Apparel_TacVest</li>
			<li>RK_OutdoorBackpack</li>
			<!--<li>BallisticShield<li>-->
		</apparelRequired>
		<combatPower>160</combatPower>
		<isFighter>true</isFighter>
		<apparelMoney>
			<min>5500</min>
			<max>7000</max>
		</apparelMoney>
		<apparelTags>
			<li>RK_RebelElite_Light</li>
			<li>IndustrialMilitaryBasic</li>
			<!--<li>BallisticShield<li>-->
		</apparelTags>
		<apparelAllowHeadgearChance>1</apparelAllowHeadgearChance>
		<weaponMoney>
			<min>1000</min>
			<max>2500</max>
		</weaponMoney>
		<weaponTags>
			<li>RK_RebelSMGElite</li>
		</weaponTags>
		<modExtensions>
			<li Class="CombatExtended.LoadoutPropertiesExtension">
				<primaryMagazineCount>
					<min>6</min>
					<max>9</max>
				</primaryMagazineCount>
			</li>
		</modExtensions>
		<initialWillRange>2~4</initialWillRange>
		<initialResistanceRange>15~25</initialResistanceRange>
		<skills>
			<li>
				<skill>Shooting</skill>
				<range>7~12</range>
			</li>
			<li>
				<skill>Melee</skill>
				<range>7~13</range>
			</li>
		</skills>
	</PawnKindDef>
	
	<PawnKindDef ParentName="RK_RebelEliteBase">
		<defName>RK_RebelElite_Squadleader</defName>
		<label>랫킨 정예 반군 분대장</label>
		<combatPower>240</combatPower>
		<apparelRequired>
			<li>Rimarsenal_VestPlate</li>
			<li>Apparel_FlakJacket</li>
			<li>Tactical_Helmet</li>
			<li>CE_Apparel_TacVest</li>
			<li>RK_OutdoorBackpack</li>
		</apparelRequired>
		<isFighter>true</isFighter>
		<factionLeader>true</factionLeader>
		<apparelMoney>
			<min>7000</min>
			<max>9000</max>
		</apparelMoney>
		<apparelTags>
			<li>RK_RebelElite</li>
			<li>Military</li>
			<li>IndustrialMilitaryAdvanced</li>
		</apparelTags>
		<apparelAllowHeadgearChance>1</apparelAllowHeadgearChance>
		<weaponMoney>
			<min>3500</min>
			<max>6000</max>
		</weaponMoney>
		<weaponTags>
			<li>RK_RebelSquadleaderElite</li>
		</weaponTags>
		<modExtensions>
			<li Class="CombatExtended.LoadoutPropertiesExtension">
				<primaryMagazineCount>
					<min>5</min>
					<max>10</max>
				</primaryMagazineCount>
			</li>
		</modExtensions>
		<initialWillRange>2~4</initialWillRange>
		<initialResistanceRange>25~30</initialResistanceRange>
		<skills>
			<li>
				<skill>Shooting</skill>
				<range>12~18</range>
			</li>
			<li>
				<skill>Melee</skill>
				<range>8~18</range>
			</li>
			<li>
				<skill>Social</skill>
				<range>8~15</range>
			</li>
		</skills>
	</PawnKindDef>	

<!-- 랫킨 반군 공수부대 -->
	<PawnKindDef Name="RK_RebelParatroopsBase" Abstract="True">
	    <race>Ratkin</race>
		<defaultFactionType>RatkinRebel</defaultFactionType>
		<chemicalAddictionChance>0.05</chemicalAddictionChance>
		<backstoryCryptosleepCommonality>0</backstoryCryptosleepCommonality>
		<minGenerationAge>18</minGenerationAge>
		<maxGenerationAge>35</maxGenerationAge>
		<backstoryFilters>
			<li>
				<categories>
					<li>RatkinSoldier</li>
					<li>RatkinGuardener</li>
				</categories>
			</li>
		</backstoryFilters>
		<disallowedTraits>
			<li>Brawler</li>
		</disallowedTraits>
		<itemQuality>Normal</itemQuality>
		<apparelIgnoreSeasons>false</apparelIgnoreSeasons>
		<techHediffsMoney>			
			<min>700</min>
			<max>1500</max>
		</techHediffsMoney>
		<techHediffsTags>
			<li>Advanced</li>
			<li>ImplantEmpireCommon</li>
		</techHediffsTags>
		<techHediffsMaxAmount>1</techHediffsMaxAmount>
		<techHediffsChance>0.15</techHediffsChance>
		<invNutrition>3</invNutrition>
		<invFoodDef>MealSurvivalPack</invFoodDef>
		<requiredWorkTags>
			<li>Violent</li>
		</requiredWorkTags>
		<xenotypeSet>
		  <xenotypeChances>
			<Baseline_Ratkin MayRequire="Ludeon.RimWorld.Biotech">999</Baseline_Ratkin>
		  </xenotypeChances>
		  <warnIfTotalAbove1>false</warnIfTotalAbove1>
		</xenotypeSet>
	</PawnKindDef>

<!-- 랫킨 반군 공수부대원-->

	<PawnKindDef ParentName="RK_RebelParatroopsBase">
		<defName>RK_Rebel_Paratrooper</defName>
		<label>랫킨 반군 공수부대원</label>
		<combatPower>200</combatPower>
		<apparelRequired>
			<li>MedievalTimes_Boots_Combat</li>
			<li>Marine_BattleMask</li>
			<li>Marine_Armor</li>
			<li>Marine_Helmet</li>
			<li>Apparello_Standissue</li>
			<li>MedievalTimes_Gloves_Combat</li>
			<li>RK_OutdoorBackpack</li>
		</apparelRequired>
		<isFighter>true</isFighter>
		<apparelMoney>
			<min>6000</min>
			<max>9000</max>
		</apparelMoney>
		<apparelAllowHeadgearChance>1</apparelAllowHeadgearChance>
		<weaponMoney>
			<min>3500</min>
			<max>8000</max>
		</weaponMoney>
		<weaponTags>
			<li>RK_RebelRifleElite</li>
			<li>RK_Juggernaut_PM</li>
			<li>ST2</li>
			<li>ST3</li>
			<li>SMG3</li>
			<li>RF3</li>
			<li>RF4</li>
			<li>TierTwoRifle</li>
			<li>TierThreeRifle</li>
		</weaponTags>
		<modExtensions>
			<li Class="CombatExtended.LoadoutPropertiesExtension">
				<primaryMagazineCount>
					<min>7</min>
					<max>8</max>
				</primaryMagazineCount>
			</li>
		</modExtensions>
		<initialWillRange>2~4</initialWillRange>
		<initialResistanceRange>15~25</initialResistanceRange>
		<apparelTags>
			<li>RK_RebelElite</li>
			<li>Military</li>
			<li>IndustrialMilitaryBasic</li>
			<li>IndustrialMilitaryAdvanced</li>
			<li>OrionLight</li>
		</apparelTags>
		<skills>
			<li>
				<skill>Shooting</skill>
				<range>6~18</range>
			</li>
			<li>
				<skill>Melee</skill>
				<range>3~12</range>
			</li>
		</skills>
	</PawnKindDef>

<!-- 랫킨 저거넛 -->
 	<PawnKindDef Name="RK_RebelJuggernauteBase" Abstract="True">
	    <race>Ratkin</race>
		<defaultFactionType>RatkinRebel</defaultFactionType>
		<chemicalAddictionChance>0.07</chemicalAddictionChance>
		<backstoryCryptosleepCommonality>0</backstoryCryptosleepCommonality>
		<minGenerationAge>22</minGenerationAge>
		<maxGenerationAge>36</maxGenerationAge>
		<backstoryFilters>
			<li>
				<categories>
					<li>RatkinSoldier</li>
					<li>RatkinGuardener</li>
				</categories>
			</li>
		</backstoryFilters>
		<disallowedTraits>
			<li>Brawler</li>
		</disallowedTraits>
		<itemQuality>Normal</itemQuality>
		<apparelIgnoreSeasons>false</apparelIgnoreSeasons>
		<techHediffsMoney>			
			<min>1000</min>
			<max>2700</max>
		</techHediffsMoney>
		<techHediffsTags>
			<li>Advanced</li>
			<li>ImplantEmpireCommon</li>
		</techHediffsTags>
		<techHediffsMaxAmount>1</techHediffsMaxAmount>
		<techHediffsChance>0.28</techHediffsChance>
		<invNutrition>3</invNutrition>
		<invFoodDef>MealSurvivalPack</invFoodDef>
		<requiredWorkTags>
			<li>Violent</li>
		</requiredWorkTags>
		<xenotypeSet>
		  <xenotypeChances>
			<Baseline_Ratkin MayRequire="Ludeon.RimWorld.Biotech">999</Baseline_Ratkin>
		  </xenotypeChances>
		  <warnIfTotalAbove1>false</warnIfTotalAbove1>
		</xenotypeSet>
	</PawnKindDef>

	<PawnKindDef ParentName="RK_RebelJuggernauteBase">
		<defName>RK_Rebel_Juggernaut_PM</defName>
		<label>랫킨 저거넛 포인트맨</label>
		<combatPower>350</combatPower>
		<apparelRequired>
			<li>RK_MaskB</li>
			<li>RK_BattleSuitB</li>
			<li>Apparel_TacVest</li>
			<li>Apparel_Backpack</li>
		</apparelRequired>
		<isFighter>true</isFighter>
		<apparelMoney>
			<min>6000</min>
			<max>10000</max>
		</apparelMoney>
		<apparelTags>
			<li>RK_Juggernaut_PM</li>
			<li>Military</li>
			<li>IndustrialMilitaryAdvanced</li>
		</apparelTags>
		<apparelAllowHeadgearChance>1</apparelAllowHeadgearChance>
		<weaponMoney>
			<min>3500</min>
			<max>6400</max>
		</weaponMoney>
		<weaponTags>
			<li>RK_Juggernaut_PM</li>
		</weaponTags>
		<modExtensions>
			<li Class="CombatExtended.LoadoutPropertiesExtension">
				<primaryMagazineCount>
					<min>7</min>
					<max>10</max>
				</primaryMagazineCount>
			</li>
		</modExtensions>
		<initialWillRange>3~5</initialWillRange>
		<initialResistanceRange>20~35</initialResistanceRange>
		<skills>
			<li>
				<skill>Shooting</skill>
				<range>7~14</range>
			</li>
			<li>
				<skill>Melee</skill>
				<range>4~10</range>
			</li>
			<li>
				<skill>Social</skill>
				<range>1~3</range>
			</li>
		</skills>
	</PawnKindDef>	

	<PawnKindDef ParentName="RK_RebelJuggernauteBase">
		<defName>RK_Rebel_Juggernaut_Heavyweaponer</defName>
		<label>랫킨 저거넛 중화기병</label>
		<combatPower>400</combatPower>
		<apparelRequired>
			<li>RK_MaskB</li>
			<li>RK_BattleSuitB</li>
			<li>Apparel_TacVest</li>
			<li>Apparel_Backpack</li>
		</apparelRequired>
		<isFighter>true</isFighter>
		<apparelMoney>
			<min>8000</min>
			<max>14000</max>
		</apparelMoney>
		<apparelTags>
			<li>RK_Juggernaut_Heavyweaponer</li>
			<li>Military</li>
			<li>IndustrialMilitaryAdvanced</li>
		</apparelTags>
		<apparelAllowHeadgearChance>1</apparelAllowHeadgearChance>
		<weaponMoney>
			<min>4500</min>
			<max>8000</max>
		</weaponMoney>
		<weaponTags>
			<li>RK_Juggernaut_Heavyweaponer</li>
		</weaponTags>
		<modExtensions>
			<li Class="CombatExtended.LoadoutPropertiesExtension">
				<primaryMagazineCount>
					<min>4</min>
					<max>6</max>
				</primaryMagazineCount>
			</li>
		</modExtensions>
		<initialWillRange>3~5</initialWillRange>
		<initialResistanceRange>20~35</initialResistanceRange>
		<skills>
			<li>
				<skill>Shooting</skill>
				<range>5~10</range>
			</li>
			<li>
				<skill>Melee</skill>
				<range>4~6</range>
			</li>
			<li>
				<skill>Social</skill>
				<range>1~3</range>
			</li>
		</skills>
	</PawnKindDef>	

	<PawnKindDef ParentName="RK_RebelJuggernauteBase">
		<defName>RK_Rebel_Juggernaut_Sniper</defName>
		<label>랫킨 저거넛 저격병</label>
		<combatPower>320</combatPower>
		<apparelRequired>
			<li>RK_Mask</li>
			<li>RK_BattleSuit</li>
			<li>Apparel_TacVest</li>
			<li>Apparel_Backpack</li>
		</apparelRequired>
		<isFighter>true</isFighter>
		<apparelMoney>
			<min>6500</min>
			<max>12000</max>
		</apparelMoney>
		<apparelTags>
			<li>RK_Juggernaut_Sniper</li>
			<li>Military</li>
			<li>IndustrialMilitaryAdvanced</li>
		</apparelTags>
		<apparelAllowHeadgearChance>1</apparelAllowHeadgearChance>
		<weaponMoney>
			<min>5000</min>
			<max>10000</max>
		</weaponMoney>
		<weaponTags>
			<li>RK_Juggernaut_Sniper</li>
		</weaponTags>
		<modExtensions>
			<li Class="CombatExtended.LoadoutPropertiesExtension">
				<primaryMagazineCount>
					<min>6</min>
					<max>12</max>
				</primaryMagazineCount>
			</li>
		</modExtensions>
		<initialWillRange>3~5</initialWillRange>
		<initialResistanceRange>20~35</initialResistanceRange>
		<skills>
			<li>
				<skill>Shooting</skill>
				<range>12~19</range>
			</li>
			<li>
				<skill>Melee</skill>
				<range>3~7</range>
			</li>
			<li>
				<skill>Social</skill>
				<range>1~3</range>
			</li>
		</skills>
	</PawnKindDef>	

<!-- 랫킨 비윤리적인 반군 -->	
<!-- 동조자들 -->
 	<PawnKindDef Name="RK_RebelUnethical_CollaboratorBase" Abstract="True">
	    <race>Ratkin</race>
		<defaultFactionType>RatkinRebel_Unethical</defaultFactionType>
		<chemicalAddictionChance>0.30</chemicalAddictionChance>
		<backstoryCryptosleepCommonality>0</backstoryCryptosleepCommonality>
		<minGenerationAge>15</minGenerationAge>
		<maxGenerationAge>60</maxGenerationAge>
		<backstoryFilters>
			<li>
				<categories>
					<li>RatkinStory</li>
					<li>RatkinThief</li>
					<li>RatkinMurderer</li>
				</categories>
			</li>
		</backstoryFilters>
		<itemQuality>Poor</itemQuality>
		<apparelIgnoreSeasons>false</apparelIgnoreSeasons>
		<techHediffsMoney>			
			<min>200</min>
			<max>700</max>
		</techHediffsMoney>
		<techHediffsTags>
			<li>Poor</li>
		</techHediffsTags>
		<techHediffsMaxAmount>1</techHediffsMaxAmount>
		<techHediffsChance>0.20</techHediffsChance>
		<invNutrition>2</invNutrition>
		<invFoodDef>MealJerky</invFoodDef>
		<xenotypeSet>
		  <xenotypeChances>
			<Baseline_Ratkin MayRequire="Ludeon.RimWorld.Biotech">999</Baseline_Ratkin>
		  </xenotypeChances>
		  <warnIfTotalAbove1>false</warnIfTotalAbove1>
		</xenotypeSet>
	</PawnKindDef>

<!-- 랫킨 부역자 -->
	<PawnKindDef ParentName="RK_RebelUnethical_CollaboratorBase">
		<defName>RK_RebelUnethical_Collaborator</defName>
		<label>랫킨 부역자</label>
		<combatPower>35</combatPower>
		<isFighter>false</isFighter>
		<apparelMoney>
			<min>800</min>
			<max>1200</max>
		</apparelMoney>
		<apparelAllowHeadgearChance>0.2</apparelAllowHeadgearChance>
		<weaponMoney>
			<min>180</min>
			<max>300</max>
		</weaponMoney>
		<weaponTags>
			<li>RK_Murderer</li>
		</weaponTags>
		<initialWillRange>0~1</initialWillRange>
		<initialResistanceRange>1~5</initialResistanceRange>
		<apparelTags>
			<li>RK_1Tier</li>
		</apparelTags>
	</PawnKindDef>	
	
	<PawnKindDef ParentName="RK_RebelUnethical_CollaboratorBase">
		<defName>RK_RebelUnethical_Smuggler</defName>
		<label>랫킨 밀수꾼</label>
		<combatPower>40</combatPower>
		<isFighter>false</isFighter>
		<trader>true</trader>
		<apparelMoney>
			<min>800</min>
			<max>1500</max>
		</apparelMoney>
		<apparelRequired>
			<li>RK_Sack</li>
		</apparelRequired>
		<apparelAllowHeadgearChance>0.2</apparelAllowHeadgearChance>
		<weaponMoney>
			<min>900</min>
			<max>1300</max>
		</weaponMoney>
		<weaponTags>
			<li>PT1</li>
		</weaponTags>
		<modExtensions>
			<li Class="CombatExtended.LoadoutPropertiesExtension">
				<primaryMagazineCount>
					<min>3</min>
					<max>4</max>
				</primaryMagazineCount>
			</li>
		</modExtensions>
		<initialWillRange>0~1</initialWillRange>
		<initialResistanceRange>2~7</initialResistanceRange>
		<apparelTags>
			<li>RK_1Tier</li>
		</apparelTags>
	</PawnKindDef>	
	
	<PawnKindDef ParentName="RK_RebelUnethical_CollaboratorBase">
		<defName>RK_RebelUnethical_Rioter_Ranged</defName>
		<label>랫킨 폭도</label>
		<combatPower>55</combatPower>
		<apparelRequired>
			<li>RK_ApronSkirt</li>
			<li>RK_Cardigan</li>
			<li>RK_CrossBack</li>
		</apparelRequired>
		<isFighter>true</isFighter>
		<apparelMoney>
			<min>1400</min>
			<max>2000</max>
		</apparelMoney>
		<apparelRequired>
			<li>RK_Loadbearing</li>
		</apparelRequired>
		<initialWillRange>0~1</initialWillRange>
		<initialResistanceRange>3~8</initialResistanceRange>
		<inventoryOptions>
			<skipChance>0.9</skipChance>
			<subOptionsChooseOne>
				<li>
					<thingDef>Moonshine</thingDef>
					<countRange>
						<min>2</min>
						<max>5</max>
					</countRange>
				</li>
			</subOptionsChooseOne>
		</inventoryOptions>
		<apparelTags>
			<li>RK_1Tier</li>
			<li>RK_Murderer</li>
		</apparelTags>
		<apparelAllowHeadgearChance>0.4</apparelAllowHeadgearChance>
		<weaponMoney>
			<min>250</min>
			<max>500</max>
		</weaponMoney>
		<weaponTags>
			<li>RK_RioterRanged</li>
		</weaponTags>
		<modExtensions>
			<li Class="CombatExtended.LoadoutPropertiesExtension">
				<primaryMagazineCount>
					<min>20</min>
					<max>30</max>
				</primaryMagazineCount>
				<sidearms>
					<li>
						<generateChance>0.2</generateChance>
						<sidearmMoney>
							<min>15</min>
							<max>25</max>
						</sidearmMoney>
						<weaponTags>
							<li>GrenadeFlame</li>
						</weaponTags>
						<magazineCount>
							<min>1</min>
							<max>4</max>
						</magazineCount>
					</li>
				</sidearms>
			</li>
		</modExtensions>
	</PawnKindDef>	

	<PawnKindDef ParentName="RK_RebelUnethical_CollaboratorBase">
		<defName>RK_RebelUnethical_Rioter_Melee</defName>
		<label>랫킨 폭도</label>
		<combatPower>55</combatPower>
		<apparelRequired>
			<li>RK_ApronSkirt</li>
			<li>RK_Cardigan</li>
			<li>RK_CrossBack</li>
			<li>RK_WoodenShield</li>
		</apparelRequired>
		<apparelRequired>
			<li>RK_Loadbearing</li>
		</apparelRequired>
		<isFighter>true</isFighter>
		<apparelMoney>
			<min>1400</min>
			<max>2000</max>
		</apparelMoney>
		<initialWillRange>0~1</initialWillRange>
		<initialResistanceRange>3~8</initialResistanceRange>
		<inventoryOptions>
			<skipChance>0.9</skipChance>
			<subOptionsChooseOne>
				<li>
					<thingDef>Moonshine</thingDef>
					<countRange>
						<min>2</min>
						<max>5</max>
					</countRange>
				</li>
			</subOptionsChooseOne>
		</inventoryOptions>
		<apparelTags>
			<li>RK_1Tier</li>
			<li>RK_Murderer</li>
		</apparelTags>
		<apparelAllowHeadgearChance>0.3</apparelAllowHeadgearChance>
		<weaponMoney>
			<min>180</min>
			<max>400</max>
		</weaponMoney>
		<weaponTags>
			<li>RK_Murderer</li>
			<li>SurvivalToolsNeolithic</li>
		</weaponTags>
	</PawnKindDef>
	
 	<PawnKindDef Name="RK_RebelUnethical_RaiderBase" Abstract="True">
	    <race>Ratkin</race>
		<defaultFactionType>RatkinRebel_Unethical</defaultFactionType>
		<chemicalAddictionChance>0.40</chemicalAddictionChance>
		<backstoryCryptosleepCommonality>0</backstoryCryptosleepCommonality>
		<combatEnhancingDrugsChance>0.10</combatEnhancingDrugsChance>
		<combatEnhancingDrugsCount>0~1</combatEnhancingDrugsCount>	
		<minGenerationAge>15</minGenerationAge>
		<maxGenerationAge>30</maxGenerationAge>
		<backstoryFilters>
			<li>
				<categories>
					<li>RatkinStory</li>
					<li>RatkinSoldier</li>
					<li>RatkinGuardener</li>
				</categories>
			</li>
		</backstoryFilters>
		<itemQuality>Normal</itemQuality>
		<apparelIgnoreSeasons>false</apparelIgnoreSeasons>
		<techHediffsMoney>			
			<min>200</min>
			<max>700</max>
		</techHediffsMoney>
		<techHediffsTags>
			<li>Simple</li>
		</techHediffsTags>
		<techHediffsMaxAmount>1</techHediffsMaxAmount>
		<techHediffsChance>0.15</techHediffsChance>
		<invNutrition>3</invNutrition>
		<invFoodDef>MealJerky</invFoodDef>
		<requiredWorkTags>
			<li>Violent</li>
		</requiredWorkTags>		<xenotypeSet>
		  <xenotypeChances>
			<Baseline_Ratkin MayRequire="Ludeon.RimWorld.Biotech">999</Baseline_Ratkin>
		  </xenotypeChances>
		  <warnIfTotalAbove1>false</warnIfTotalAbove1>
		</xenotypeSet>
	</PawnKindDef>
	
	<PawnKindDef ParentName="RK_RebelUnethical_RaiderBase">
		<defName>RK_RebelUnethical_Manhunter</defName>
		<label>랫킨 인간 사냥꾼</label>
		<combatPower>80</combatPower>
		<isFighter>true</isFighter>
		<apparelMoney>
			<min>2400</min>
			<max>3600</max>
		</apparelMoney>
		<apparelRequired>
			<li>Apparel_Kufiya</li>
		</apparelRequired>
		<apparelAllowHeadgearChance>0.6</apparelAllowHeadgearChance>
		<weaponMoney>
			<min>1000</min>
			<max>2300</max>
		</weaponMoney>
		<weaponTags>
			<li>MedievalMelee</li>
		</weaponTags>
		<initialWillRange>0~1</initialWillRange>
		<initialResistanceRange>3~10</initialResistanceRange>
		<inventoryOptions>
			<skipChance>0.8</skipChance>
			<subOptionsChooseOne>
				<li>
					<thingDef>Flake</thingDef>
					<countRange>
						<min>1</min>
						<max>3</max>
					</countRange>
				</li>
			</subOptionsChooseOne>
		</inventoryOptions>
		<apparelTags>
			<li>Outlander</li>
			<li>PredatorsLight</li>
		</apparelTags>
		<skills>
			<li>
				<skill>Shooting</skill>
				<range>3~6</range>
			</li>
		</skills>
	</PawnKindDef>
	
	<PawnKindDef ParentName="RK_RebelUnethical_RaiderBase">
		<defName>RK_RebelUnethical_Raider</defName>
		<label>랫킨 강탈자</label>
		<combatPower>80</combatPower>
		<isFighter>true</isFighter>
		<apparelMoney>
			<min>2400</min>
			<max>3600</max>
		</apparelMoney>
		<apparelAllowHeadgearChance>0.6</apparelAllowHeadgearChance>
		<weaponMoney>
			<min>1000</min>
			<max>2300</max>
		</weaponMoney>
		<weaponTags>
			<li>PT1</li>
			<li>TierOneSMG</li>
			<li>RF1</li>
		</weaponTags>
		<modExtensions>
			<li Class="CombatExtended.LoadoutPropertiesExtension">
				<primaryMagazineCount>
					<min>5</min>
					<max>10</max>
				</primaryMagazineCount>
			</li>
		</modExtensions>
		<initialWillRange>0~1</initialWillRange>
		<initialResistanceRange>3~10</initialResistanceRange>
		<inventoryOptions>
			<skipChance>0.8</skipChance>
			<subOptionsChooseOne>
				<li>
					<thingDef>Flake</thingDef>
					<countRange>
						<min>1</min>
						<max>3</max>
					</countRange>
				</li>
			</subOptionsChooseOne>
		</inventoryOptions>
		<apparelTags>
			<li>Outlander</li>
			<li>BanditsLight</li>
		</apparelTags>
		<skills>
			<li>
				<skill>Shooting</skill>
				<range>3~7</range>
			</li>
		</skills>
	</PawnKindDef>
	
	<PawnKindDef ParentName="RK_RebelUnethical_RaiderBase">
		<defName>RK_RebelUnethical_Raider_Destroyer</defName>
		<label>랫킨 마을 파괴자</label>
		<combatPower>80</combatPower>
		<isFighter>true</isFighter>
		<apparelMoney>
			<min>2400</min>
			<max>3600</max>
		</apparelMoney>
		<apparelRequired>
			<li>Apparello_Bandit</li>
		</apparelRequired>
		<apparelAllowHeadgearChance>0.3</apparelAllowHeadgearChance>
		<weaponMoney>
			<min>25</min>
			<max>50</max>
		</weaponMoney>
		<weaponTags>
			<li>GrenadeFlame</li>
			<li>GrenadeTierTwo</li>
		</weaponTags>
		<initialWillRange>0~1</initialWillRange>
		<initialResistanceRange>3~10</initialResistanceRange>
		<inventoryOptions>
			<skipChance>0.8</skipChance>
			<subOptionsChooseOne>
				<li>
					<thingDef>Flake</thingDef>
					<countRange>
						<min>1</min>
						<max>3</max>
					</countRange>
				</li>
			</subOptionsChooseOne>
		</inventoryOptions>
		<apparelTags>
			<li>Outlander</li>
			<li>PredatorsLight</li>
		</apparelTags>
		<skills>
			<li>
				<skill>Shooting</skill>
				<range>3~6</range>
			</li>
		</skills>
	</PawnKindDef>
	
	<PawnKindDef ParentName="RK_RebelUnethical_RaiderBase">
		<defName>RK_RebelUnethical_Raider_Kamikaze</defName>
		<label>랫킨 카미카제</label>
		<combatPower>80</combatPower>
		<isFighter>true</isFighter>
		<apparelMoney>
			<min>2400</min>
			<max>3600</max>
		</apparelMoney>
		<apparelRequired>
			<li>Apparel_Kufiya</li>
		</apparelRequired>
		<apparelAllowHeadgearChance>0.3</apparelAllowHeadgearChance>
		<weaponMoney>
			<min>1200</min>
			<max>2000</max>
		</weaponMoney>
		<weaponTags>
			<li>RK_Demoman</li>
		</weaponTags>
		<inventoryOptions>
			<skipChance>0</skipChance>
			<subOptionsChooseOne>
				<li>
					<thingDef>RK_MagicWand</thingDef>
					<choiceChance>0.8</choiceChance>
					<countRange>
						<min>2</min>
						<max>4</max>
					</countRange>
				</li>
				<li>
					<thingDef>RK_MagicWand</thingDef>
					<choiceChance>0.2</choiceChance>
					<countRange>
						<min>3</min>
						<max>7</max>
					</countRange>
				</li>
			</subOptionsChooseOne>
		</inventoryOptions>
		<initialWillRange>0~1</initialWillRange>
		<initialResistanceRange>3~10</initialResistanceRange>
		<apparelTags>
			<li>Outlander</li>
			<li>BanditsLight</li>
		</apparelTags>
	</PawnKindDef>

<!-- 랫킨 군벌 -->
 	<PawnKindDef Name="RK_RebelUnethical_WarloadBase" Abstract="True">
	    <race>Ratkin</race>
		<defaultFactionType>RatkinRebel_Unethical</defaultFactionType>
		<chemicalAddictionChance>0.57</chemicalAddictionChance>
		<backstoryCryptosleepCommonality>0</backstoryCryptosleepCommonality>
		<combatEnhancingDrugsChance>0.25</combatEnhancingDrugsChance>
		<combatEnhancingDrugsCount>0~2</combatEnhancingDrugsCount>	
		<minGenerationAge>15</minGenerationAge>
		<maxGenerationAge>40</maxGenerationAge>
		<backstoryFilters>
			<li>
				<categories>
					<li>RatkinStory</li>
					<li>RatkinSoldier</li>
					<li>RatkinMurderer</li>
					<li>RatkinThief</li>
				</categories>
			</li>
		</backstoryFilters>
		<itemQuality>Poor</itemQuality>
		<apparelIgnoreSeasons>false</apparelIgnoreSeasons>
		<techHediffsMoney>			
			<min>200</min>
			<max>700</max>
		</techHediffsMoney>
		<techHediffsTags>
			<li>Poor</li>
		</techHediffsTags>
		<techHediffsMaxAmount>1</techHediffsMaxAmount>
		<techHediffsChance>0.15</techHediffsChance>
		<invNutrition>3</invNutrition>
		<invFoodDef>MealJerky</invFoodDef>
		<requiredWorkTags>
			<li>Violent</li>
		</requiredWorkTags>
		<xenotypeSet>
		  <xenotypeChances>
			<Baseline_Ratkin MayRequire="Ludeon.RimWorld.Biotech">999</Baseline_Ratkin>
		  </xenotypeChances>
		  <warnIfTotalAbove1>false</warnIfTotalAbove1>
		</xenotypeSet>
	</PawnKindDef>
	
	<PawnKindDef ParentName="RK_RebelUnethical_WarloadBase">
		<defName>RK_RebelUnethical_WarloadAssaulter</defName>
		<label>랫킨 군벌 돌격병</label>
		<combatPower>100</combatPower>
		<isFighter>true</isFighter>
		<apparelMoney>
			<min>4000</min>
			<max>6000</max>
		</apparelMoney>
		<apparelRequired>
			<li>Apparello_Bandit</li>
		</apparelRequired>
		<apparelAllowHeadgearChance>0.6</apparelAllowHeadgearChance>
		<weaponMoney>
			<min>500</min>
			<max>1000</max>
		</weaponMoney>
		<weaponTags>
			<li>RK_WarloadMelee</li>
		</weaponTags>
		<initialWillRange>1~2</initialWillRange>
		<initialResistanceRange>8~17</initialResistanceRange>
		<inventoryOptions>
			<skipChance>0.6</skipChance>
			<subOptionsChooseOne>
				<li>
					<thingDef>Yayo</thingDef>
					<choiceChance>0.2</choiceChance>
					<countRange>
						<min>1</min>
						<max>5</max>
					</countRange>
				</li>
				<li>
					<thingDef>Flake</thingDef>
					<choiceChance>0.5</choiceChance>
					<countRange>
						<min>3</min>
						<max>6</max>
					</countRange>
				</li>
				<li>
					<thingDef>SmokeleafJoint</thingDef>
					<choiceChance>0.5</choiceChance>
					<countRange>
						<min>3</min>
						<max>6</max>
					</countRange>
				</li>
			</subOptionsChooseOne>
		</inventoryOptions>
		<apparelTags>
			<li>RK_Combatant</li>
			<li>RK_HeavyArmor</li>
			<li>BanditsLight</li>
			<li>RenegadesMedium</li>
		</apparelTags>
		<skills>
			<li>
				<skill>Melee</skill>
				<range>5~12</range>
			</li>
		</skills>
	</PawnKindDef>

	<PawnKindDef ParentName="RK_RebelUnethical_WarloadBase">
		<defName>RK_RebelUnethical_WarloadSkirmisher</defName>
		<label>랫킨 군벌 척후병</label>
		<combatPower>80</combatPower>
		<isFighter>true</isFighter>	
		<apparelTags>
			<li>RK_Combatant</li>
			<li>BanditsLight</li>
			<li>RenegadesLight</li>
		</apparelTags>
		<apparelMoney>
			<min>2600</min>
			<max>3300</max>
		</apparelMoney>		
		<apparelRequired>
			<li>Apparello_Bandit</li>
		</apparelRequired>
		<apparelAllowHeadgearChance>0.6</apparelAllowHeadgearChance>
		<weaponMoney>
			<min>800</min>
			<max>2000</max>
		</weaponMoney>
		<weaponTags>
			<li>PT1</li>
			<li>PT2</li>
			<li>ST1</li>
			<li>SMG1</li>
		</weaponTags>
		<initialWillRange>1~2</initialWillRange>
		<initialResistanceRange>8~17</initialResistanceRange>
		<inventoryOptions>
			<skipChance>0.6</skipChance>
			<subOptionsChooseOne>
				<li>
					<thingDef>Yayo</thingDef>
					<choiceChance>0.2</choiceChance>
					<countRange>
						<min>1</min>
						<max>5</max>
					</countRange>
				</li>
				<li>
					<thingDef>Flake</thingDef>
					<choiceChance>0.5</choiceChance>
					<countRange>
						<min>3</min>
						<max>6</max>
					</countRange>
				</li>
				<li>
					<thingDef>SmokeleafJoint</thingDef>
					<choiceChance>0.5</choiceChance>
					<countRange>
						<min>3</min>
						<max>6</max>
					</countRange>
				</li>
			</subOptionsChooseOne>
		</inventoryOptions>
		<skills>
			<li>
				<skill>Shooting</skill>
				<range>3~8</range>
			</li>
			<li>
				<skill>Melee</skill>
				<range>3~5</range>
			</li>
		</skills>
		<modExtensions>
			<li Class="CombatExtended.LoadoutPropertiesExtension">
				<primaryMagazineCount>
					<min>4</min>
					<max>5</max>
				</primaryMagazineCount>
			</li>
		</modExtensions>
	</PawnKindDef>

	<PawnKindDef ParentName="RK_RebelUnethical_WarloadBase">
		<defName>RK_RebelUnethical_WarloadMember</defName>
		<label>랫킨 군벌 단원</label>
		<combatPower>120</combatPower>
		<isFighter>true</isFighter>		
		<apparelTags>
			<li>RK_Combatant</li>
			<li>IndustrialMilitaryBasic</li>
			<li>BanditsLight</li>
		</apparelTags>
		<apparelMoney>
			<min>2500</min>
			<max>3600</max>
		</apparelMoney>
		<apparelRequired>
			<li>Apparello_Bandit</li>
		</apparelRequired>
		<apparelAllowHeadgearChance>0.7</apparelAllowHeadgearChance>
		<weaponMoney>
			<min>1200</min>
			<max>2600</max>
		</weaponMoney>
		<weaponTags>
			<li>RK_Warload</li>
			<li>TierOneSMG</li>
		</weaponTags>
		<initialWillRange>1~2</initialWillRange>
		<initialResistanceRange>8~17</initialResistanceRange>
		<inventoryOptions>
			<skipChance>0.6</skipChance>
			<subOptionsChooseOne>
				<li>
					<thingDef>Yayo</thingDef>
					<choiceChance>0.2</choiceChance>
					<countRange>
						<min>1</min>
						<max>5</max>
					</countRange>
				</li>
				<li>
					<thingDef>Flake</thingDef>
					<choiceChance>0.5</choiceChance>
					<countRange>
						<min>3</min>
						<max>6</max>
					</countRange>
				</li>
				<li>
					<thingDef>SmokeleafJoint</thingDef>
					<choiceChance>0.5</choiceChance>
					<countRange>
						<min>3</min>
						<max>6</max>
					</countRange>
				</li>
			</subOptionsChooseOne>
		</inventoryOptions>
		<skills>
			<li>
				<skill>Shooting</skill>
				<range>5~12</range>
			</li>
		</skills>
			<modExtensions>
			<li Class="CombatExtended.LoadoutPropertiesExtension">
				<primaryMagazineCount>
					<min>6</min>
					<max>7</max>
				</primaryMagazineCount>
			</li>
		</modExtensions>
	</PawnKindDef>

	<PawnKindDef ParentName="RK_RebelUnethical_WarloadBase">
		<defName>RK_RebelUnethical_WarloadSoldier</defName>
		<label>랫킨 군벌 전투원</label>
		<combatPower>200</combatPower>
		<isFighter>true</isFighter>		
		<apparelTags>
			<li>RK_Combatant</li>
			<li>IndustrialMilitaryBasic</li>
			<li>BanditsLight</li>
			<li>RenegadesLight</li>
			<li>RenegadesMedium</li>
		</apparelTags>
		<apparelMoney>
			<min>3700</min>
			<max>5200</max>
		</apparelMoney>
		<apparelRequired>
			<li>Apparel_AdvancedHelmet</li>
		</apparelRequired>
		<apparelAllowHeadgearChance>0.7</apparelAllowHeadgearChance>
		<weaponMoney>
			<min>1850</min>
			<max>3000</max>
		</weaponMoney>
		<weaponTags>
			<li>RK_Warload</li>
			<li>RF1</li>
			<li>TierTwoRifle</li>
			<li>RF2</li>
		</weaponTags>
		<initialWillRange>1~2</initialWillRange>
		<initialResistanceRange>8~17</initialResistanceRange>
		<inventoryOptions>
			<skipChance>0.6</skipChance>
			<subOptionsChooseOne>
				<li>
					<thingDef>Yayo</thingDef>
					<choiceChance>0.2</choiceChance>
					<countRange>
						<min>1</min>
						<max>5</max>
					</countRange>
				</li>
				<li>
					<thingDef>Flake</thingDef>
					<choiceChance>0.5</choiceChance>
					<countRange>
						<min>3</min>
						<max>6</max>
					</countRange>
				</li>
				<li>
					<thingDef>SmokeleafJoint</thingDef>
					<choiceChance>0.5</choiceChance>
					<countRange>
						<min>3</min>
						<max>6</max>
					</countRange>
				</li>
			</subOptionsChooseOne>
		</inventoryOptions>
		<skills>
			<li>
				<skill>Shooting</skill>
				<range>5~12</range>
			</li>
		</skills>
			<modExtensions>
			<li Class="CombatExtended.LoadoutPropertiesExtension">
				<primaryMagazineCount>
					<min>8</min>
					<max>9</max>
				</primaryMagazineCount>
			</li>
		</modExtensions>
	</PawnKindDef>

	<PawnKindDef ParentName="RK_RebelUnethical_WarloadBase">
		<defName>RK_RebelUnethical_WarloadSniper</defName>
		<label>랫킨 군벌 저격수</label>
		<combatPower>180</combatPower>
		<isFighter>true</isFighter>		
		<apparelTags>
			<li>RK_Combatant</li>
			<li>IndustrialMilitaryBasic</li>
			<li>BanditsLight</li>
			<li>RenegadesLight</li>
		</apparelTags>
		<apparelMoney>
			<min>2750</min>
			<max>3800</max>
		</apparelMoney>
		<apparelRequired>
			<li>Apparel_AdvancedHelmet</li>
		</apparelRequired>
		<apparelAllowHeadgearChance>0.7</apparelAllowHeadgearChance>
		<weaponMoney>
			<min>1800</min>
			<max>2500</max>
		</weaponMoney>
		<weaponTags>
			<li>RF1</li>
			<li>SNIP1</li>
		</weaponTags>
		<modExtensions>
			<li Class="CombatExtended.LoadoutPropertiesExtension">
				<primaryMagazineCount>
					<min>4</min>
					<max>5</max>
				</primaryMagazineCount>
			</li>
		</modExtensions>
		<initialWillRange>1~2</initialWillRange>
		<initialResistanceRange>8~17</initialResistanceRange>
		<inventoryOptions>
			<skipChance>0.6</skipChance>
			<subOptionsChooseOne>
				<li>
					<thingDef>Yayo</thingDef>
					<choiceChance>0.2</choiceChance>
					<countRange>
						<min>1</min>
						<max>5</max>
					</countRange>
				</li>
				<li>
					<thingDef>Flake</thingDef>
					<choiceChance>0.5</choiceChance>
					<countRange>
						<min>3</min>
						<max>6</max>
					</countRange>
				</li>
				<li>
					<thingDef>SmokeleafJoint</thingDef>
					<choiceChance>0.5</choiceChance>
					<countRange>
						<min>3</min>
						<max>6</max>
					</countRange>
				</li>
			</subOptionsChooseOne>
		</inventoryOptions>
		<skills>
			<li>
				<skill>Shooting</skill>
				<range>5~12</range>
			</li>
		</skills>
	</PawnKindDef>

	<PawnKindDef ParentName="RK_RebelUnethical_WarloadBase">
		<defName>RK_RebelUnethical_Warload_HeavyGunner</defName>
		<label>랫킨 군벌 중화기병</label>
		<combatPower>330</combatPower>
		<isFighter>true</isFighter>	
		<apparelTags>
			<li>Military</li>
			<li>IndustrialMilitaryBasic</li>
			<li>IndustrialMilitaryAdvanced</li>
			<li>RenegadesMedium</li>
			<li>BanditsLight</li>
			<li>RenegadesLight</li>
		</apparelTags>	
		<apparelMoney>
			<min>6750</min>
			<max>8750</max>
		</apparelMoney>
		<apparelRequired>
			<li>WeldingHelmet</li>
			<li>CE_Apparel_TacVest</li>
			<li>CE_Apparel_Backpack</li>
		</apparelRequired>
		<apparelAllowHeadgearChance>0.7</apparelAllowHeadgearChance>
		<weaponMoney>
			<min>2000</min>
			<max>4500</max>
		</weaponMoney>
		<weaponTags>
			<li>GLT1</li>
			<li>RKT1</li>
			<li>RKT2</li>
		</weaponTags>
		<initialWillRange>2~3</initialWillRange>
		<initialResistanceRange>13~18</initialResistanceRange>
		<inventoryOptions>
			<skipChance>0.6</skipChance>
			<subOptionsChooseOne>
				<li>
					<thingDef>Yayo</thingDef>
					<choiceChance>0.4</choiceChance>
					<countRange>
						<min>2</min>
						<max>10</max>
					</countRange>
				</li>
				<li>
					<thingDef>GoJuice</thingDef>
					<choiceChance>0.5</choiceChance>
					<countRange>
						<min>1</min>
						<max>2</max>
					</countRange>
				</li>
			</subOptionsChooseOne>
		</inventoryOptions>
		<modExtensions>
			<li Class="CombatExtended.LoadoutPropertiesExtension">
				<primaryMagazineCount>
					<min>5</min>
					<max>10</max>
				</primaryMagazineCount>
			</li>
		</modExtensions>
		<skills>
			<li>
				<skill>Shooting</skill>
				<range>4~7</range>
			</li>
		</skills>
	</PawnKindDef>

	<PawnKindDef ParentName="RK_RebelUnethical_WarloadBase">
		<defName>RK_RebelUnethical_Warload_Field_Commander</defName>
		<label>랫킨 군벌 야전 사령관</label>
		<combatPower>250</combatPower>
		<isFighter>true</isFighter>	
		<apparelTags>
			<li>Military</li>
			<li>IndustrialMilitaryBasic</li>
			<li>IndustrialMilitaryAdvanced</li>
			<li>RenegadesMedium</li>
		<!--	<li>OrionLight</li>-->
			<li>BanditsLight</li>
			<li>RenegadesLight</li>
		</apparelTags>	
		<apparelMoney>
			<min>5000</min>
			<max>6500</max>
		</apparelMoney>
		<apparelRequired>
			<li>Apparello_Beret</li>
		</apparelRequired>
		<apparelAllowHeadgearChance>0.7</apparelAllowHeadgearChance>
		<weaponMoney>
			<min>3000</min>
			<max>5000</max>
		</weaponMoney>
		<weaponTags>
			<li>RK_Warload</li>
			<li>RF2</li>
			<li>RF3</li>
			<li>ST3</li>
			<li>MG1</li>
		</weaponTags>
		<initialWillRange>2~3</initialWillRange>
		<initialResistanceRange>13~18</initialResistanceRange>
		<inventoryOptions>
			<skipChance>0.6</skipChance>
			<subOptionsChooseOne>
				<li>
					<thingDef>Yayo</thingDef>
					<choiceChance>0.4</choiceChance>
					<countRange>
						<min>2</min>
						<max>10</max>
					</countRange>
				</li>
				<li>
					<thingDef>GoJuice</thingDef>
					<choiceChance>0.5</choiceChance>
					<countRange>
						<min>1</min>
						<max>2</max>
					</countRange>
				</li>
			</subOptionsChooseOne>
		</inventoryOptions>
		<modExtensions>
			<li Class="CombatExtended.LoadoutPropertiesExtension">
				<primaryMagazineCount>
					<min>6</min>
					<max>7</max>
				</primaryMagazineCount>
			</li>
		</modExtensions>
		<skills>
			<li>
				<skill>Shooting</skill>
				<range>5~12</range>
			</li>
		</skills>
	</PawnKindDef>

	<PawnKindDef ParentName="RK_RebelUnethical_WarloadBase">
		<defName>RK_RebelUnethical_WarloadBoss</defName>
		<label>랫킨 군벌 수장</label>
		<combatPower>300</combatPower>
		<isFighter>true</isFighter>
		<factionLeader>true</factionLeader>	
		<apparelTags>
			<li>Military</li>
			<li>IndustrialMilitaryBasic</li>
			<li>IndustrialMilitaryAdvanced</li>
			<li>BanditsLight</li>
			<li>RenegadesLight</li>
			<li>RenegadesMedium</li>
		</apparelTags>
		<apparelMoney>
			<min>5800</min>
			<max>8000</max>
		</apparelMoney>
		<apparelRequired>
			<li>Apparel_PC</li>
		</apparelRequired>
		<apparelAllowHeadgearChance>0.7</apparelAllowHeadgearChance>
		<weaponMoney>
			<min>3000</min>
			<max>6000</max>
		</weaponMoney>
		<weaponTags>
			<li>MG1</li>
			<li>MG2</li>
			<li>RF3</li>
			<li>RF4</li>
		</weaponTags>
		<modExtensions>
			<li Class="CombatExtended.LoadoutPropertiesExtension">
				<primaryMagazineCount>
					<min>6</min>
					<max>8</max>
				</primaryMagazineCount>
			</li>
		</modExtensions>
		<initialWillRange>2~4</initialWillRange>
		<initialResistanceRange>25~35</initialResistanceRange>
		<inventoryOptions>
			<skipChance>0.6</skipChance>
			<subOptionsChooseOne>
				<li>
					<thingDef>Yayo</thingDef>
					<choiceChance>0.4</choiceChance>
					<countRange>
						<min>2</min>
						<max>10</max>
					</countRange>
				</li>
				<li>
					<thingDef>GoJuice</thingDef>
					<choiceChance>0.5</choiceChance>
					<countRange>
						<min>1</min>
						<max>2</max>
					</countRange>
				</li>
			</subOptionsChooseOne>
		</inventoryOptions>
		<skills>
			<li>
				<skill>Shooting</skill>
				<range>8~16</range>
			</li>
			<li>
				<skill>Melee</skill>
				<range>8~14</range>
			</li>
			<li>
				<skill>Social</skill>
				<range>6~12</range>
			</li>
		</skills>
	</PawnKindDef>

<!-- 강제징집된 랫킨 소년병 -->
 	<PawnKindDef Name="RK_RebelUnethical_ChildSoldierBase" Abstract="True">
	    <race>Ratkin</race>
		<defaultFactionType>RatkinRebel_Unethical</defaultFactionType>
		<chemicalAddictionChance>0.25</chemicalAddictionChance>
		<backstoryCryptosleepCommonality>0</backstoryCryptosleepCommonality>
		<combatEnhancingDrugsChance>0.15</combatEnhancingDrugsChance>
		<combatEnhancingDrugsCount>0~1</combatEnhancingDrugsCount>	
		<backstoryFilters>
			<li>
				<categories>
					<li>RatkinStory</li>
				</categories>
			</li>
		</backstoryFilters>
		<itemQuality>Poor</itemQuality>
		<apparelIgnoreSeasons>false</apparelIgnoreSeasons>
		<techHediffsMoney>			
			<min>200</min>
			<max>700</max>
		</techHediffsMoney>
		<techHediffsTags>
			<li>Poor</li>
		</techHediffsTags>
		<techHediffsMaxAmount>1</techHediffsMaxAmount>
		<techHediffsChance>0.15</techHediffsChance>
		<invNutrition>3</invNutrition>
		<invFoodDef>MealJerky</invFoodDef>
		<requiredWorkTags>
			<li>Violent</li>
		</requiredWorkTags>
		<xenotypeSet>
		  <xenotypeChances>
			<Baseline_Ratkin MayRequire="Ludeon.RimWorld.Biotech">999</Baseline_Ratkin>
		  </xenotypeChances>
		  <warnIfTotalAbove1>false</warnIfTotalAbove1>
		</xenotypeSet>
	</PawnKindDef>
	
	<PawnKindDef ParentName="RK_RebelUnethical_ChildSoldierBase">
		<defName>RK_RebelUnethical_ChildSoldier</defName>
		<label>랫킨 군벌 소년병</label>
		<combatPower>65</combatPower>
		<minGenerationAge>14</minGenerationAge>
		<maxGenerationAge>17</maxGenerationAge>
		<isFighter>true</isFighter>
		<apparelMoney>
			<min>2000</min>
			<max>2200</max>
		</apparelMoney>		
		<apparelTags>
			<li>RK_1Tier</li>
			<li>Outlander</li>
		</apparelTags>		
		<apparelAllowHeadgearChance>0.2</apparelAllowHeadgearChance>
		<initialWillRange>0~1</initialWillRange>
		<initialResistanceRange>3~5</initialResistanceRange>
		<weaponMoney>
			<min>600</min>
			<max>1300</max>
		</weaponMoney>
		<weaponTags>
			<li>PT1</li>
		</weaponTags>
		<modExtensions>
			<li Class="CombatExtended.LoadoutPropertiesExtension">
				<primaryMagazineCount>
					<min>3</min>
					<max>4</max>
				</primaryMagazineCount>
			</li>
		</modExtensions>
		<skills>
			<li>
				<skill>Shooting</skill>
				<range>3~5</range>
			</li>
			<li>
				<skill>Melee</skill>
				<range>0~2</range>
			</li>
		</skills>
	</PawnKindDef> 

    <PawnKindDef ParentName="RK_RebelUnethical_ChildSoldierBase" Name="RK_RebelUnethical_ChildSoldierBiotechBase" Abstract="True">
		<pawnGroupDevelopmentStage>Child</pawnGroupDevelopmentStage>
		<minGenerationAge>5</minGenerationAge>
		<maxGenerationAge>12</maxGenerationAge>
	</PawnKindDef>

	<PawnKindDef ParentName="RK_RebelUnethical_ChildSoldierBiotechBase">
		<defName>RK_RebelUnethical_ChildSoldier_Biotech</defName>
		<label>랫킨 군벌 소년병</label>
		<combatPower>25</combatPower>
		<isFighter>true</isFighter>
		<apparelMoney>
			<min>900</min>
			<max>1300</max>
		</apparelMoney>		
		<apparelTags>
			<li>RK_1Tier</li>
			<li>Outlander</li>
		</apparelTags>		
		<apparelAllowHeadgearChance>0.1</apparelAllowHeadgearChance>
		<initialWillRange>0~1</initialWillRange>
		<initialResistanceRange>1~4</initialResistanceRange>
		<weaponMoney>
			<min>180</min>
			<max>300</max>
		</weaponMoney>
		<weaponTags>
			<li>RK_Murderer</li>
		</weaponTags>
		<pawnGroupDevelopmentStage>Child</pawnGroupDevelopmentStage>
		<skills>
			<li>
				<skill>Shooting</skill>
				<range>0~1</range>
			</li>
			<li>
				<skill>Melee</skill>
				<range>0~2</range>
			</li>
		</skills>
	</PawnKindDef> 

	<PawnKindDef ParentName="RK_RebelUnethical_ChildSoldierBiotechBase">
		<defName>RK_RebelUnethical_ChildSoldier_Biotech_Kamikaze</defName>
		<label>랫킨 군벌 소년병 총알받이</label>
		<combatPower>25</combatPower>
		<isFighter>true</isFighter>
		<apparelMoney>
			<min>900</min>
			<max>1300</max>
		</apparelMoney>		
		<apparelRequired>
			<li>RK_Sack</li>
		</apparelRequired>
		<apparelTags>
			<li>RK_1Tier</li>
			<li>Outlander</li>
		</apparelTags>		
		<apparelAllowHeadgearChance>0.1</apparelAllowHeadgearChance>
		<initialWillRange>0~1</initialWillRange>
		<initialResistanceRange>1~4</initialResistanceRange>
		<weaponMoney>
			<min>1000</min>
			<max>2000</max>
		</weaponMoney>
		<weaponTags>
			<li>RK_Demoman</li>
		</weaponTags>
		<inventoryOptions>
			<skipChance>0</skipChance>
			<subOptionsChooseOne>
				<li>
					<thingDef>RK_MagicWand</thingDef>
					<countRange>
						<min>3</min>
						<max>6</max>
					</countRange>
				</li>
			</subOptionsChooseOne>
		</inventoryOptions>
		<pawnGroupDevelopmentStage>Child</pawnGroupDevelopmentStage>
		<skills>
			<li>
				<skill>Shooting</skill>
				<range>0~1</range>
			</li>
			<li>
				<skill>Melee</skill>
				<range>0~2</range>
			</li>
		</skills>
	</PawnKindDef> 
	
</Defs>