<?xml version="1.0" encoding="utf-8" ?>
<Defs>

	<FactionDef ParentName="SK_FactionBase">
		<defName>Ratkin_Rebels</defName>
		<label>랫킨 반란군</label>
		<description>기존의 군주제를 붕괴시키고 신정부를 세우려는 랫킨들입니다. 지속적인 토벌로 인해 이들은 여러 곳에 숨어서 활동하고 있으며 게릴라전을 펼치고 있습니다. 하지만 자금과 식량을 확보하려고 다른 세력들에게도 살인과 약탈,방화를 일삼기 때문에 여론이 부정적입니다.</description>
		<pawnsPlural>Ratkins</pawnsPlural>
		<pawnSingular>Ratkin</pawnSingular>
		<requiredCountAtGameStart>1</requiredCountAtGameStart>
		<fixedName>랫킨 반군</fixedName>		
		<factionIconPath>Icon/RK_icon</factionIconPath>
		<humanlikeFaction>true</humanlikeFaction>
		<hidden>true</hidden>
		<autoFlee>false</autoFlee>
		<canSiege>true</canSiege>
		<canUseAvoidGrid>true</canUseAvoidGrid>
		<earliestRaidDays>30</earliestRaidDays>
		<techLevel>Industrial</techLevel>
		<permanentEnemy>true</permanentEnemy>
		<attackersDownPercentageRangeForAutoFlee>0.78~0.90</attackersDownPercentageRangeForAutoFlee>
		<hairTags>
			<li>RK_Hair</li>
		</hairTags>
		<colorSpectrum>
		  <li>(0.05, 0.05, 0.05)</li>
		</colorSpectrum>
		<raidCommonalityFromPointsCurve>
			<points>
				<li>(0, 0.01)</li>
				<li>(1000, 1.0)</li>
				<li>(1500, 1.5)</li>
				<li>(3000, 0.9)</li>
				<li>(5000, 0.8)</li>
				<li>(7000, 0.6)</li>
				<li>(9000, 0.3)</li>
				<li>(11000, 0.1)</li>
			</points>
		</raidCommonalityFromPointsCurve>
		<maxPawnCostPerTotalPointsCurve>
			<points>
				<li>(1500, 150)</li>
				<li>(3000, 180)</li>
				<li>(5000, 220)</li>
				<li>(8000, 300)</li>
				<li>(12000, 600)</li>
				<li>(100000, 10000)</li>
			</points>
		</maxPawnCostPerTotalPointsCurve>
		<apparelStuffFilter>
			<categories>
				<li>Leathers</li>
			</categories>
			<thingDefs>
				<li>WoodPlank</li>
				<li>Cloth</li>
				<li>WoolMuffalo</li>
				<li>WoolDromedary</li>
				<li>WoolAlpaca</li>
				<li>HempCloth</li>
				<li>WoolSheep</li>
				<li>CopperBar</li>
				<li>Bronze</li>
				<li>Plasteel</li>
			</thingDefs>
		</apparelStuffFilter>
		<pawnGroupMakers>
			<li>
				<kindDef>Combat</kindDef>
				<commonality>50</commonality>
				<options>
					<RatkinPartisan>3</RatkinPartisan>
					<RatkinPartisanMelee>5</RatkinPartisanMelee>
					<RatkinGuerrilla>3</RatkinGuerrilla>
					<RatkinGuerrilla_Melee>5</RatkinGuerrilla_Melee>
					<RatkinGuerrillaElite>2</RatkinGuerrillaElite>
				</options>
			</li>
			<li>
				<kindDef>Combat</kindDef>
				<commonality>40</commonality>
				<options>
					<RatkinPartisan>4</RatkinPartisan>
					<RatkinPartisanMelee>7</RatkinPartisanMelee>
				</options>
			</li>
			<li>
				<kindDef>Combat</kindDef>
				<commonality>40</commonality>
				<options>
					<RatkinGuerrilla>4</RatkinGuerrilla>
					<RatkinGuerrilla_Melee>8</RatkinGuerrilla_Melee>
					<RatkinGuerrillaElite>3</RatkinGuerrillaElite>
				</options>
			</li>
			<li>
				<kindDef>Combat</kindDef>
				<commonality>10</commonality>
				<options>
					<RatkinRebel_Squadleader>1</RatkinRebel_Squadleader>
					<RatkinRebel_Rifleman>2</RatkinRebel_Rifleman>
					<RatkinRebel_Charger>3</RatkinRebel_Charger>
					<RatkinRebel_Recruit>6</RatkinRebel_Recruit>
					<RatkinRebel_ChildSoldier>2</RatkinRebel_ChildSoldier>
				</options>
			</li>
			<li>
				<kindDef>Combat</kindDef>
				<commonality>10</commonality>
				<options>
					<RatkinRebel_Squadleader>1</RatkinRebel_Squadleader>
					<RatkinRebel_Rifleman>4</RatkinRebel_Rifleman>
				</options>
			</li>
			<li>
				<kindDef>Combat</kindDef>
				<commonality>10</commonality>
				<options>
					<RatkinRebel_Squadleader>1</RatkinRebel_Squadleader>
					<RatkinRebel_Charger>4</RatkinRebel_Charger>
				</options>
			</li>
			<li>
				<kindDef>Combat</kindDef>
				<commonality>10</commonality>
				<options>
					<RatkinRebel_Squadleader>1</RatkinRebel_Squadleader>
					<RatkinRebel_Recruit>8</RatkinRebel_Recruit>
				</options>
			</li>
		</pawnGroupMakers>
		<maxConfigurableAtWorldCreation>9999</maxConfigurableAtWorldCreation>
		<configurationListOrderPriority>50</configurationListOrderPriority>
		<allowedArrivalTemperatureRange>-25~45</allowedArrivalTemperatureRange>
	</FactionDef>

</Defs>