<?xml version="1.0" encoding="utf-8" ?>
<Patch>
  <Operation Class="PatchOperationFindMod">
    <mods>
	  <li>NewRatkinPlus</li>
	</mods>
    
    <match Class="PatchOperationSequence">
	<success>Always</success>
    <operations>
	
	<li Class="PatchOperationAdd">
      <xpath>Defs/ThingDef[defName="RK_OutdoorBackpack"]/apparel/tags</xpath>
	  <value>
		  <li>RK_Rebel</li>
      </value>
	</li>
	
	<li Class="PatchOperationAdd">
      <xpath>Defs/ThingDef[defName="RK_OutdoorBackpack"]/apparel/tags</xpath>
	  <value>
		  <li>RK_Rebel</li>
      </value>
	</li>

	<li Class="PatchOperationAdd">
      <xpath>Defs/ThingDef[defName="RK_BulletProofHelmet"]/apparel/tags</xpath>
	  <value>
		  <li>RK_Rebel</li>
      </value>
	</li>

	<li Class="PatchOperationAdd">
      <xpath>Defs/ThingDef[defName="RK_OrderUniform"]/apparel/tags</xpath>
	  <value>
		  <li>RK_Rebel</li> 
      </value>
	</li>
	
	<li Class="PatchOperationAdd">
      <xpath>Defs/ThingDef[defName="RK_OrderUniformB"]/apparel/tags</xpath>
	  <value>
		  <li>RK_Rebel</li>
      </value>
	</li>

	<li Class="PatchOperationAdd">
      <xpath>Defs/ThingDef[defName="RK_BattleSuit"]/apparel/tags</xpath>
	  <value>
		  <li>RK_Juggernaut_Sniper</li>
		  <li>RK_Juggernaut_PM</li>
      </value>
	</li>

	<li Class="PatchOperationAdd">
      <xpath>Defs/ThingDef[defName="RK_BattleSuitB"]/apparel/tags</xpath>
	  <value>
		  <li>RK_Juggernaut_Heavyweaponer</li>
      </value>
	</li>

	<li Class="PatchOperationAdd">
      <xpath>Defs/ThingDef[defName="RK_Mask"]/apparel/tags</xpath>
	  <value>
		  <li>RK_Juggernaut_Sniper</li>
		  <li>RK_Juggernaut_PM</li>
      </value>
	</li>

	<li Class="PatchOperationAdd">
      <xpath>Defs/ThingDef[defName="RK_MaskB"]/apparel/tags</xpath>
	  <value>
		  <li>RK_Juggernaut_Heavyweaponer</li>
      </value>
	</li>

	</operations>
    </match>
  </Operation>
</Patch>