<?xml version="1.0" encoding="utf-8" ?>
<Patch>
  <Operation Class="PatchOperationFindMod">
    <mods>
	  <li>Core SK</li>
	</mods>
    
    <match Class="PatchOperationSequence">
	<success>Always</success>
    <operations>

	<li Class="PatchOperationAdd">
      <xpath>Defs/ThingDef[defName="MedievalTimes_Plates_Steel_Middle"]/apparel/tags</xpath>
	  <value>
		  <li>RK_Militia</li>
		  <li>RK_MilitiaAdvanced</li>
      </value>
	</li>
	
	<li Class="PatchOperationAdd">
      <xpath>Defs/ThingDef[defName="MedievalTimes_PaddedJacket"]/apparel/tags</xpath>
	  <value>
		  <li>RK_Militia</li>
		  <li>RK_MilitiaAdvanced</li>
      </value>
	</li>

	<li Class="PatchOperationAdd">
      <xpath>Defs/ThingDef[defName="Apparel_FlakJacket"]/apparel/tags</xpath>
	  <value>
		  <li>RK_MilitiaAdvanced</li>
		  <li>RK_VolunteerArmy</li>
      </value>
	</li>
	
	<li Class="PatchOperationAdd">
      <xpath>Defs/ThingDef[defName="WeldingHelmet"]/apparel/tags</xpath>
	  <value>
		  <li>RK_Militia</li>
		  <li>RK_MilitiaAdvanced</li>
      </value>
	</li>

	<li Class="PatchOperationAdd">
      <xpath>Defs/ThingDef[defName="Apparel_SimpleHelmet"]/apparel/tags</xpath>
	  <value>
		  <li>RK_MilitiaAdvanced</li>
		  <li>RK_VolunteerArmy</li>
      </value>
	</li>

	<li Class="PatchOperationAdd">
      <xpath>Defs/ThingDef[defName="Apparel_AdvancedHelmet"]/apparel/tags</xpath>
	  <value>
		  <li>RK_MilitiaAdvanced</li>
		  <li>RK_VolunteerArmy</li>
      </value>
	</li>

	<li Class="PatchOperationAdd">
      <xpath>Defs/ThingDef[defName="Apparello_Beret"]/apparel/tags</xpath>
	  <value>
		  <li>RK_RebelSquad</li>
      </value>
	</li>
	
	<li Class="PatchOperationAdd">
      <xpath>Defs/ThingDef[defName="Apparello_ViperGas"]/apparel/tags</xpath>
	  <value>
		  <li>RK_RebelSquad</li>
      </value>
	</li>
	
	<li Class="PatchOperationAdd">
      <xpath>Defs/ThingDef[defName="Apparello_Gas"]/apparel/tags</xpath>
	  <value>
		  <li>RK_RebelSquad</li>
      </value>
	</li>

	<li Class="PatchOperationAdd">
      <xpath>Defs/ThingDef[defName="Marine_Armor"]/apparel/tags</xpath>
	  <value>
		  <li>RK_RebelElite</li>
      </value>
	</li>

	<li Class="PatchOperationAdd">
      <xpath>Defs/ThingDef[defName="Rimarsenal_VestPlate"]/apparel/tags</xpath>
	  <value>
		  <li>RK_RebelElite</li>
		  <li>RK_RebelElite_Light</li>
      </value>
	</li>
	
	<li Class="PatchOperationAdd">
      <xpath>Defs/ThingDef[defName="Apparello_Ammobelt"]/apparel/tags</xpath>
	  <value>
		  <li>RK_RebelElite</li>
		  <li>RK_RebelElite_Light</li>
      </value>
	</li>

	<li Class="PatchOperationAdd">
      <xpath>Defs/ThingDef[defName="Tactical_Helmet"]/apparel/tags</xpath>
	  <value>
		  <li>RK_RebelElite</li>
      </value>
	</li>
	
	<li Class="PatchOperationAdd">
      <xpath>Defs/ThingDef[defName="Marine_Helmet"]/apparel/tags</xpath>
	  <value>
		  <li>RK_RebelElite_Light</li>
      </value>
	</li>

	<li Class="PatchOperationAdd">
      <xpath>Defs/ThingDef[defName="Apparel_FlakPants"]/apparel/tags</xpath>
	  <value>
		  <li>RK_RebelElite_Light</li>
      </value>
	</li>
	
	<li Class="PatchOperationAdd">
      <xpath>Defs/ThingDef[defName="MedievalTimes_Boots_Combat"]/apparel/tags</xpath>
	  <value>
		  <li>RK_RebelElite</li>
      </value>
	</li>

	</operations>
    </match>
  </Operation>
</Patch>