<?xml version="1.0" encoding="UTF-8"?>
<Patch>
	
	<Operation Class="PatchOperation.FindModByID"> 
	<mods>
		<li>ViTech.MedievalOverhaul</li>
	</mods>
		<match Class="PatchOperationSequence">
			<operations>
	
				<li Class="PatchOperationAdd">	
				<xpath>Defs/ScenarioDef[defName="RK_Scenario_Refugee"]/scenario/parts</xpath>
				  <value>
					<li Class="ScenPart_StartingThing_Defined">
					  <def>StartingThing_Defined</def>
                      <thingDef>Turret_Gatling</thingDef>
                      <stuff>Bronze</stuff>
                    </li>
				  </value>
				</li>

				<li Class="PatchOperationAdd">	
				<xpath>Defs/ScenarioDef[defName="RK_Scenario_Refugee"]/scenario/parts</xpath>
				  <value>
				    <li Class="ScenPart_StartingThing_Defined">
				      <def>StartingThing_Defined</def>
				      <thingDef>Ammo_MinieBall</thingDef>
				      <count>400</count>
			        </li>
				  </value>
				</li>		

			</operations>
		</match>
    </Operation>
	
</Patch>