<?xml version="1.0" encoding="utf-8"?>
<Defs>

	<!-- 랫킨 반군 -->
	<!-- 랫킨 반군 무기상 -->
	<TraderKindDef>
		<defName>Caravan_RatkinRebel_CombatTrader</defName>
		<label>전쟁물자 상인</label>
		<commonality>1</commonality>
		<stockGenerators>
			<li Class="StockGenerator_SingleDef">
				<thingDef>Silver</thingDef>
				<countRange>1700~3500</countRange>
			</li>
			<li Class="StockGenerator_SingleDef">
				<thingDef>ComponentIndustrial</thingDef>
				<countRange>15~65</countRange>
			</li> 
			<li Class="StockGenerator_SingleDef">
				<thingDef>ComponentAdvanced</thingDef>
				<countRange>5~32</countRange>
			</li>
     		<li Class="StockGenerator_Category">
        	  <categoryDef>Leathers</categoryDef>
        	  <thingDefCountRange>2~4</thingDefCountRange>
        	  <totalPriceRange>150~700</totalPriceRange>
      		</li>
      		<li Class="StockGenerator_Techprints">
        	  <countChances>
          		<li>
                  <count>3</count>
                  <chance>1</chance>
          		</li>
        	  </countChances>
      		</li>     

			<li Class="StockGenerator_Category">
        	  <categoryDef>Apparel</categoryDef>
        	  <thingDefCountRange>2~3</thingDefCountRange>
       	      <totalPriceRange>700~2000</totalPriceRange>
        	  <countRange>2~4</countRange>
      		</li>    
     		<li Class="StockGenerator_MarketValue">
        	  <tradeTag>BasicClothing</tradeTag>
        	  <countRange>5~10</countRange>
      		</li>
     		<li Class="StockGenerator_MarketValue">
        	  <tradeTag>Clothing</tradeTag>
        	  <countRange>4~8</countRange>
      		</li>
      		<li Class="StockGenerator_MarketValue">
        	  <tradeTag>Armor</tradeTag>
        	  <countRange>3~6</countRange>
      		</li>
			<li Class="StockGenerator_MarketValue">
				<tradeTag>WeaponRanged</tradeTag>
				<maxTechLevelGenerate>Industrial</maxTechLevelGenerate>
				<totalPriceRange>600~5000</totalPriceRange>
				<countRange>3~9</countRange>
			</li>
			<li Class="StockGenerator_Category">
				<categoryDef>WeaponsMelee</categoryDef>
				<maxTechLevelGenerate>Industrial</maxTechLevelGenerate>
				<totalPriceRange>300~2000</totalPriceRange>
				<thingDefCountRange>2~6</thingDefCountRange>
			</li>
			<li Class="StockGenerator_Tag">
				<tradeTag>RareCrate</tradeTag>
				<thingDefCountRange>-2~2</thingDefCountRange>
				<countRange>1~2</countRange>
			</li>
			<li Class="StockGenerator_Tag">
				<tradeTag>NormalCrate</tradeTag>
				<thingDefCountRange>-1~2</thingDefCountRange>
				<countRange>2~3</countRange>
			</li>
			<li Class="StockGenerator_Tag">
				<tradeTag>SimpleCrate</tradeTag>
				<thingDefCountRange>1~2</thingDefCountRange>
				<countRange>1~3</countRange>
			</li>
			<li Class="StockGenerator_SingleDef">
				<thingDef>MedicineIndustrial</thingDef>
				<countRange>5~15</countRange>
			</li>
			<li Class="StockGenerator_SingleDef">
				<thingDef>VG_Ibuprofen</thingDef>
				<price>Expensive</price>
				<countRange>25~50</countRange>
			</li>
     		<li Class="StockGenerator_SingleDef">
        	  <thingDef>MedicalDrink</thingDef>
       		  <price>Expensive</price>
        	  <countRange>15~30</countRange>
      		</li>
			<li Class="StockGenerator_Category">
				<categoryDef>Medicine</categoryDef>
				<thingDefCountRange>2~3</thingDefCountRange>
				<totalPriceRange>300~1000</totalPriceRange>
			</li>
			<li Class="StockGenerator_Tag">
				<tradeTag>MortarShell</tradeTag>
				<thingDefCountRange>1~4</thingDefCountRange>
       			<excludedThingDefs>
          		  <li MayRequire="Ludeon.RimWorld.Anomaly">Shell_Deadlife</li>
        		</excludedThingDefs>
				<countRange>5~25</countRange>
			</li>			
     		<li Class="StockGenerator_SingleDef">
        	    <thingDef>Chemfuel</thingDef>
        	    <countRange>100~400</countRange>
      		</li>
     		<li Class="StockGenerator_SingleDef">
        	    <thingDef>Powder</thingDef>
        	    <countRange>50~250</countRange>
      		</li>
     		<li Class="StockGenerator_SingleDef">
        	    <thingDef>Napalm</thingDef>
        	    <countRange>25~100</countRange>
      		</li>
			<li Class="StockGenerator_Category">
				<categoryDef>WeaponCrate</categoryDef>
				<thingDefCountRange>2~5</thingDefCountRange>
				<countRange>2~4</countRange>
			</li>
 	 	
			<li Class="StockGenerator_Category">
     		   <categoryDef>SyntheticOrgans</categoryDef>
    	   	   <thingDefCountRange>-1~5</thingDefCountRange>
  			   <countRange>-1~2</countRange>
 		    </li>
      		<li Class="StockGenerator_Category">
        	  <categoryDef>BodyPartsNatural</categoryDef>
        	  <thingDefCountRange>-1~2</thingDefCountRange>
        	  <countRange>-1~2</countRange>
     		 </li>
     		 <li Class="StockGenerator_Category">
     		  <categoryDef>BasicProstheses</categoryDef>
   		      <thingDefCountRange>-1~4</thingDefCountRange>
    		  <countRange>-1~3</countRange>
 		     </li>
  		    <li Class="StockGenerator_Category">
       		  <categoryDef>SimpleProstheses</categoryDef>
        	  <thingDefCountRange>-1~4</thingDefCountRange>
        	  <countRange>-1~3</countRange>
    		</li>
 		     <li Class="StockGenerator_Category">
       		   <categoryDef>BodyPartsBionic</categoryDef>
	           <thingDefCountRange>-1~2</thingDefCountRange>
               <countRange>-1~3</countRange>
   		    </li>
      		<li Class="StockGenerator_Category">
        	  <categoryDef>CyberneticProstheses</categoryDef>
        	  <thingDefCountRange>-1~2</thingDefCountRange>
       	      <countRange>-1~2</countRange>
     		</li>

     	    <li Class="StockGenerator_Tag">
       		  <tradeTag>CE_AutoEnableTrade</tradeTag>
        	  <thingDefCountRange>3~5</thingDefCountRange>
        	  <totalPriceRange>100~2000</totalPriceRange>
        	  <countRange>100~700</countRange>
      		</li>

			<li Class="StockGenerator_Animals">
				<checkTemperature>true</checkTemperature>
				<tradeTagsSell>
					<li>AnimalFighter</li>
				</tradeTagsSell>
				<tradeTagsBuy>
					<li>AnimalUncommon</li>
					<li>AnimalExotic</li>
				</tradeTagsBuy>
				<kindCountRange>1~2</kindCountRange>
				<countRange>3~4</countRange>
			    <createMatingPair>
          		  <li>AnimalFarm</li>
        		</createMatingPair>
			</li>

     		<li Class="StockGenerator_SingleDef">
      		  <thingDef>TextBook</thingDef>
      		  <countRange>1~2</countRange>
  		    </li>

   		   <li Class="StockGenerator_SingleDef">
    	      <thingDef>Schematic</thingDef>
  	          <countRange>1~2</countRange>
      	   </li>

      	   <li Class="StockGenerator_SingleDef">
       	      <thingDef>Novel</thingDef>
        	  <countRange>0~1</countRange>
      	   </li>
         
			<li Class="StockGenerator_BuyExpensiveSimple" />
			<li Class="StockGenerator_BuySingleDef">
				<thingDef>Gold</thingDef>
			</li>
     		<li Class="StockGenerator_BuyTradeTag">
       		    <tag>Art</tag>
      		</li>
     		<li Class="StockGenerator_BuyTradeTag">
       		    <tag>HiTechArmor</tag>
      		</li>			
			<li Class="StockGenerator_BuyTradeTag">
				<tag>Exotic</tag>
			</li>
			<li Class="StockGenerator_BuyTradeTag">
				<tag>ExoticMisc</tag>
			</li>
			<li Class="StockGenerator_BuySingleDef">
				<thingDef>AntidoteSafe</thingDef>
			</li>
			<li Class="StockGenerator_BuySingleDef">
				<thingDef>MedicalDrink</thingDef>
			</li>
			<li Class="StockGenerator_BuySingleDef">
				<thingDef>MushroomTincture</thingDef>
			</li>			
			<li Class="StockGenerator_BuySingleDef">
				<thingDef>HealrootTincture</thingDef>
			</li>
			<li Class="StockGenerator_BuySingleDef">
				<thingDef>Neutroae</thingDef>
			</li>

		</stockGenerators>
	</TraderKindDef>
	
	<TraderKindDef>
		<defName>Caravan_RatkinRebel_FoodTrader</defName>
		<label>식량 거래상</label>
		<commonality>2</commonality>
		<stockGenerators>
			<li Class="StockGenerator_SingleDef">
				<thingDef>Silver</thingDef>
				<countRange>1200~3500</countRange>
			</li>
			<li Class="StockGenerator_Category">
				<categoryDef>PlantFoodRaw</categoryDef>
				<thingDefCountRange>3~6</thingDefCountRange>
				<totalPriceRange>1000~4000</totalPriceRange>
			</li>
			<li Class="StockGenerator_Category">
				<categoryDef>FungusPlantRaw</categoryDef>
				<thingDefCountRange>1~3</thingDefCountRange>
				<totalPriceRange>750~2250</totalPriceRange>
			</li>
			<li Class="StockGenerator_SingleDef">
				<thingDef>MealSurvivalPack</thingDef>
				<countRange>25~80</countRange>
			</li>
			<li Class="StockGenerator_Category">
				<categoryDef>Preserves</categoryDef>
				<thingDefCountRange>2~4</thingDefCountRange>
				<totalPriceRange>500~2000</totalPriceRange>
			</li>
      		<li Class="StockGenerator_Category">
       			<categoryDef>CookingSupplies</categoryDef>
        		<thingDefCountRange>1~3</thingDefCountRange>
        		<totalPriceRange>250~1650</totalPriceRange>
     		</li>
      		<li Class="StockGenerator_Category">
        	  <categoryDef>EggsUnfertilized</categoryDef>
        	  <thingDefCountRange>2~3</thingDefCountRange>
        	  <totalPriceRange>100~450</totalPriceRange>
      		</li>
      		<li Class="StockGenerator_Category">
        	  <categoryDef>Animalfood</categoryDef>
        	  <thingDefCountRange>1~3</thingDefCountRange>
        	  <totalPriceRange>400~1200</totalPriceRange>
      		</li>
      		<li Class="StockGenerator_Tag">
        	  <tradeTag>Seeds</tradeTag>
              <thingDefCountRange>3~12</thingDefCountRange>
        	  <countRange>25~100</countRange>
     		</li>
     	    <li Class="StockGenerator_SingleDef">
       		  <thingDef>Chocolate</thingDef>
       		  <totalPriceRange>-10~75</totalPriceRange>
      		</li>

      		<li Class="StockGenerator_Animals">
       		 <tradeTagsSell>
     	      <li>AnimalFarm</li>
    	      <li>AnimalPet</li>
    	    </tradeTagsSell>
    	    <tradeTagsBuy>
    	      <li>AnimalExotic</li>
			  <li>AnimalFighter</li>
			  <li>AnimalUncommon</li>
     	    </tradeTagsBuy>
    	    <kindCountRange>2~4</kindCountRange>
  	        <countRange>2~3</countRange>
    	    <createMatingPair>
  	          <li>AnimalFarm</li>
    	    </createMatingPair>
   		   </li>

			<li Class="StockGenerator_BuyExpensiveSimple" />
      		<li Class="StockGenerator_BuyTradeTag"><tag>Art</tag></li>
      		<li Class="StockGenerator_BuyTradeTag"><tag>MusicalInstrument</tag></li>
			<li Class="StockGenerator_BuySingleDef">
				<thingDef>Gold</thingDef>
			</li>
			<li Class="StockGenerator_BuySingleDef">
				<thingDef>AntidoteSafe</thingDef>
			</li>
			<li Class="StockGenerator_BuySingleDef">
				<thingDef>MedicalDrink</thingDef>
			</li>
			<li Class="StockGenerator_BuySingleDef">
				<thingDef>MushroomTincture</thingDef>
			</li>			
			<li Class="StockGenerator_BuySingleDef">
				<thingDef>HealrootTincture</thingDef>
			</li>
			<li Class="StockGenerator_BuySingleDef">
				<thingDef>Neutroae</thingDef>
			</li>
			<li Class="StockGenerator_BuySingleDef">
				<thingDef>TextBook</thingDef>
			</li>
			<li Class="StockGenerator_BuySingleDef">
				<thingDef>Schematic</thingDef>
			</li>
			<li Class="StockGenerator_BuySingleDef">
				<thingDef>Novel</thingDef>
			</li>
			<li Class="StockGenerator_BuySingleDef">
				<thingDef>Neutroae</thingDef>
			</li>
			<li Class="StockGenerator_BuyTradeTag">
				<tag>ExoticMisc</tag>
			</li>
		</stockGenerators>
	</TraderKindDef>
	
	<!-- 랫킨 비윤리적 반군 -->
	<!-- 랫킨 반군 마약상 -->
	<TraderKindDef>
		<defName>Caravan_RatkinRebel_DrugTrader</defName>
		<label>마약상</label>
		<commonality>1</commonality>
		<stockGenerators>
			<li Class="StockGenerator_SingleDef">
				<thingDef>Silver</thingDef>
				<countRange>650~2000</countRange>
			</li>
			<li Class="StockGenerator_Category">
				<categoryDef>Drugs</categoryDef>
				<price>Cheap</price>
				<totalPriceRange>500~1500</totalPriceRange>
			</li>

			<li Class="StockGenerator_BuyExpensiveSimple" />
			<li Class="StockGenerator_BuySingleDef">
				<thingDef>TobaccoCigarette</thingDef>
			</li>
			<li Class="StockGenerator_BuySingleDef">
				<thingDef>TobaccoCigarChocolate</thingDef>
			</li>
			<li Class="StockGenerator_BuySingleDef">
				<thingDef>TobaccoCigar</thingDef>
			</li>
			<li Class="StockGenerator_BuySingleDef">
				<thingDef>SmokeleafJoint</thingDef>
			</li>
			<li Class="StockGenerator_BuySingleDef">
				<thingDef>PsychiteTea</thingDef>
			</li>
			<li Class="StockGenerator_BuySingleDef">
				<thingDef>Yayo</thingDef>
			</li>
			<li Class="StockGenerator_BuySingleDef">
				<thingDef>Flake</thingDef>
			</li>
			<li Class="StockGenerator_BuySingleDef">
				<thingDef>Gold</thingDef>
			</li>
			<li Class="StockGenerator_BuyTradeTag">
				<tag>Exotic</tag>
			</li>
			<li Class="StockGenerator_BuyTradeTag">
				<tag>Art</tag>
			</li>
		</stockGenerators>
	</TraderKindDef>
	
	<TraderKindDef>
		<defName>Caravan_RatkinRebel_LootTrafficker</defName>
		<label>밀매상</label>
		<commonality>1</commonality>
		<requestable>false</requestable>
		<stockGenerators>
			<li Class="StockGenerator_SingleDef">
				<thingDef>Silver</thingDef>
				<countRange>1500~5500</countRange>
			</li>
			<li Class="StockGenerator_Category">
				<categoryDef>Drugs</categoryDef>
				<price>Cheap</price>
				<totalPriceRange>500~1500</totalPriceRange>
			</li>
			<li Class="StockGenerator_Category">
				<categoryDef>Apparel</categoryDef>
				<price>Cheap</price>
        	    <thingDefCountRange>2~3</thingDefCountRange>
       	        <totalPriceRange>700~2000</totalPriceRange>
				<countRange>1~6</countRange>
			</li>
			<li Class="StockGenerator_Tag">
				<tradeTag>RareCrate</tradeTag>
				<thingDefCountRange>-2~2</thingDefCountRange>
				<price>Expensive</price>
				<countRange>1~2</countRange>
			</li>
			<li Class="StockGenerator_Tag">
				<tradeTag>NormalCrate</tradeTag>
				<thingDefCountRange>-1~2</thingDefCountRange>
				<price>Normal</price>
				<countRange>2~3</countRange>
			</li>
			<li Class="StockGenerator_Tag">
				<tradeTag>SimpleCrate</tradeTag>
				<thingDefCountRange>1~2</thingDefCountRange>
				<price>Cheap</price>
				<countRange>1~3</countRange>
			</li>
   		   <li Class="StockGenerator_Tag">
     		   <tradeTag>CE_AutoEnableTrade</tradeTag>
  		       <thingDefCountRange>2~5</thingDefCountRange>
     		   <totalPriceRange>250~2500</totalPriceRange>
      		  <countRange>80~500</countRange>
    		</li>
			<li Class="StockGenerator_MarketValue">
				<categoryDef>Armor</categoryDef>
				<countRange>3~8</countRange>
			</li>
			<li Class="StockGenerator_MarketValue">
				<tradeTag>Art</tradeTag>
				<price>Cheap</price>
				<countRange>5~10</countRange>
			</li>
			<li Class="StockGenerator_Category">
				<categoryDef>PlantFoodRaw</categoryDef>
				<thingDefCountRange>2~7</thingDefCountRange>
				<price>Cheap</price>
				<totalPriceRange>500~2500</totalPriceRange>
			</li>
			<li Class="StockGenerator_MarketValue">
				<tradeTag>WeaponRanged</tradeTag>
				<price>Cheap</price>
				<maxTechLevelGenerate>Industrial</maxTechLevelGenerate>
				<totalPriceRange>700~8000</totalPriceRange>
				<countRange>6~12</countRange>
			</li>
			<li Class="StockGenerator_Category">
				<categoryDef>Medicine</categoryDef>
				<price>Cheap</price>
				<thingDefCountRange>1~4</thingDefCountRange>
				<totalPriceRange>100~2000</totalPriceRange>
			</li>
			<li Class="StockGenerator_Category">
				<categoryDef>ResourcesRaw</categoryDef>
				<price>Cheap</price>
				<thingDefCountRange>5~8</thingDefCountRange>
				<totalPriceRange>500~1000</totalPriceRange>
			</li>
      		<li Class="StockGenerator_Category">
       		   <categoryDef>Extracted</categoryDef>
        	   <thingDefCountRange>2~4</thingDefCountRange>
        	   <totalPriceRange>350~800</totalPriceRange>
     		</li>
      		<li Class="StockGenerator_Category">
       		   <categoryDef>Leathers</categoryDef>
       		   <thingDefCountRange>3~6</thingDefCountRange>
        	   <totalPriceRange>250~650</totalPriceRange>
      		</li>
			<li Class="StockGenerator_MarketValue">
				<categoryDef>WeaponsMelee</categoryDef>
				<price>Cheap</price>
				<totalPriceRange>250~5000</totalPriceRange>
				<thingDefCountRange>5~20</thingDefCountRange>
			</li>
			<li Class="StockGenerator_Slaves">
				<countRange>4~8</countRange>
			</li>

      		<li Class="StockGenerator_Tag">
        	  <tradeTag>Artifact</tradeTag>
			  <price>Expensive</price>
        	  <thingDefCountRange>1~2</thingDefCountRange>
        	  <countRange>1~3</countRange>
      		</li>

      		<li MayRequire="Ludeon.RimWorld.Biotech" Class="StockGenerator_SingleDef">
        	   <thingDef>Genepack</thingDef>
			   <price>Normal</price>
        	   <countRange>2~4</countRange>
     		</li>

      		<li MayRequire="Ludeon.RimWorld.Anomaly" Class="StockGenerator_Tag">
        	   <tradeTag>Serum</tradeTag>
       	   	   <thingDefCountRange>2~4</thingDefCountRange>
       		   <countRange>-2~2</countRange> 
       		   <excludedThingDefs>
        	     <li>VoidsightSerum</li>
        	   </excludedThingDefs>
      		</li>


			<li Class="StockGenerator_BuyExpensiveSimple" />
			<li Class="StockGenerator_BuyTradeTag">
				<tag>Drugs</tag>
			</li>
			<li Class="StockGenerator_BuySingleDef">
				<thingDef>Gold</thingDef>
			</li>
			<li Class="StockGenerator_BuyTradeTag">
				<tag>Exotic</tag>
			</li>
			<li Class="StockGenerator_BuyTradeTag">
				<tag>ExoticMisc</tag>
			</li>
			<li Class="StockGenerator_BuyTradeTag">
				<tag>Art</tag>
			</li>
			<li Class="StockGenerator_BuySingleDef">
				<thingDef>Chemfuel</thingDef>
			</li>
			<li Class="StockGenerator_BuySingleDef">
				<thingDef>Powder</thingDef>
			</li>
		</stockGenerators>
	</TraderKindDef>
	
</Defs>
