<?xml version="1.0" encoding="UTF-8"?>
<Patch>
	
	<Operation Class="PatchOperation.FindModByID"> 
	<mods>
		<li>arpomo6.hmc.project</li>
	</mods>
		<match Class="PatchOperationSequence">
			<operations>
	
				<li Class="PatchOperationAdd">	
				<xpath>Defs/ScenarioDef[defName="RK_Scenario_Refugee"]/scenario/parts</xpath>
				<value>
				  <li Class="ScenPart_StartingThing_Defined">
					<def>StartingThing_Defined</def>
                    <thingDef>Crate_Cannon_HMC</thingDef>
                  </li>
				</value>
				</li>

				<li Class="PatchOperationAdd">	
				<xpath>Defs/ScenarioDef[defName="RK_Scenario_Refugee"]/scenario/parts</xpath>
				<value>
				  <li Class="ScenPart_StartingThing_Defined">
				    <def>StartingThing_Defined</def>
				    <thingDef>Ammo_CannonBall_Solid_HMC</thingDef>
				    <count>25</count>
			      </li>
				</value>
				</li>

				<li Class="PatchOperationAdd">	
				<xpath>Defs/ScenarioDef[defName="RK_Scenario_Refugee"]/scenario/parts</xpath>
				<value>
				  <li Class="ScenPart_StartingThing_Defined">
				    <def>StartingThing_Defined</def>
				    <thingDef>Ammo_CannonBall_Explosive_HMC</thingDef>
				    <count>10</count>
			      </li>
				</value>
				</li>

				<li Class="PatchOperationAdd">	
				<xpath>Defs/ScenarioDef[defName="RK_Scenario_Refugee"]/scenario/parts</xpath>
				<value>
				  <li Class="ScenPart_StartingThing_Defined">
				    <def>StartingThing_Defined</def>
				    <thingDef>Ammo_CannonBall_Grape_HMC</thingDef>
				    <count>25</count>
			      </li>
				</value>
				</li>
			</operations>
		</match>
    </Operation>
	
</Patch>