<?xml version="1.0" encoding="utf-8" ?>
<Defs>

<!-- 파르티잔 계열 반군 -->
 	<PawnKindDef Name="RKPartisanBase" Abstract="True">
	    <race>Ratkin</race>
		<defaultFactionType>Ratkin_Rebels</defaultFactionType>
		<chemicalAddictionChance>0.20</chemicalAddictionChance>
		<baseRecruitDifficulty>0.15</baseRecruitDifficulty>
		<backstoryCryptosleepCommonality>0</backstoryCryptosleepCommonality>
		<minGenerationAge>15</minGenerationAge>
		<maxGenerationAge>60</maxGenerationAge>
		<backstoryFilters>
			<li>
				<categories>
					<li>RatkinStory</li>
				</categories>
			</li>
		</backstoryFilters>
		<itemQuality>Poor</itemQuality>
		<apparelIgnoreSeasons>false</apparelIgnoreSeasons>
		<techHediffsMoney>			
			<min>200</min>
			<max>700</max>
		</techHediffsMoney>
		<techHediffsTags>
			<li>Simple</li>
		</techHediffsTags>
		<techHediffsMaxAmount>1</techHediffsMaxAmount>
		<techHediffsChance>0.25</techHediffsChance>
		<invNutrition>2</invNutrition>
		<invFoodDef>MealJerky</invFoodDef>
		<requiredWorkTags>
			<li>Violent</li>
		</requiredWorkTags>
	</PawnKindDef>
	
	<PawnKindDef ParentName="RKPartisanBase">
		<defName>RatkinPartisan</defName>
		<label>랫킨 파르티잔</label>
		<combatPower>50</combatPower>
		<apparelRequired>
			<li>RK_CrossBack</li>
		</apparelRequired>
		<isFighter>true</isFighter>
		<backstoryFiltersOverride>
			<li>
			<categories>
				<li>RatkinStory</li>
			</categories>
			</li>
		</backstoryFiltersOverride>
		<apparelMoney>
			<min>800</min>
			<max>1200</max>
		</apparelMoney>
		<apparelAllowHeadgearChance>0.2</apparelAllowHeadgearChance>
		<weaponMoney>
			<min>250</min>
			<max>500</max>
		</weaponMoney>
		<weaponTags>
			<li>RK_Crossbow</li>
		</weaponTags>
		<modExtensions>
			<li Class="CombatExtended.LoadoutPropertiesExtension">
				<primaryMagazineCount>
					<min>20</min>
					<max>30</max>
				</primaryMagazineCount>
			</li>
		</modExtensions>
		<apparelTags>
			<li>RK_1Tier</li>
		</apparelTags>
	</PawnKindDef>
	
	<PawnKindDef ParentName="RKPartisanBase">
		<defName>RatkinPartisanMelee</defName>
		<label>랫킨 파르티잔</label>
		<combatPower>50</combatPower>
		<apparelRequired>
			<li>RK_CrossBack</li>
		</apparelRequired>
		<isFighter>true</isFighter>
		<backstoryFiltersOverride>
			<li>
			<categories>
				<li>RatkinStory</li>
			</categories>
			</li>
		</backstoryFiltersOverride>
		<apparelMoney>
			<min>800</min>
			<max>1200</max>
		</apparelMoney>
		<apparelAllowHeadgearChance>0.2</apparelAllowHeadgearChance>
		<weaponMoney>
			<min>160</min>
			<max>400</max>
		</weaponMoney>
		<weaponTags>
			<li>RK_PartisanMelee</li>
		</weaponTags>
		<apparelTags>
			<li>RK_1Tier</li>
		</apparelTags>
	</PawnKindDef>
	
	<PawnKindDef ParentName="RKPartisanBase">
		<defName>RatkinGuerrilla</defName>
		<label>랫킨 유격대원</label>
		<combatPower>70</combatPower>
		<apparelRequired>
			<li>RK_CrossBack</li>
		</apparelRequired>
		<isFighter>true</isFighter>
		<backstoryFiltersOverride>
			<li>
			<categories>
				<li>RatkinStory</li>
			</categories>
			</li>
		</backstoryFiltersOverride>
		<apparelMoney>
			<min>600</min>
			<max>1000</max>
		</apparelMoney>
		<apparelAllowHeadgearChance>0.4</apparelAllowHeadgearChance>
		<weaponMoney>
			<min>500</min>
			<max>1000</max>
		</weaponMoney>
		<weaponTags>
			<li>RK_CrossbowAdvanced</li>
		</weaponTags>
		<modExtensions>
			<li Class="CombatExtended.LoadoutPropertiesExtension">
				<primaryMagazineCount>
					<min>20</min>
					<max>35</max>
				</primaryMagazineCount>
			</li>
		</modExtensions>
		<apparelTags>
			<li>RK_1Tier</li>
		</apparelTags>
	</PawnKindDef>
	
	
	<PawnKindDef ParentName="RKPartisanBase">
		<defName>RatkinGuerrilla_Melee</defName>
		<label>랫킨 유격대원</label>
		<combatPower>70</combatPower>
		<apparelRequired>
			<li>RK_CrossBack</li>
		</apparelRequired>
		<isFighter>true</isFighter>
		<backstoryFiltersOverride>
			<li>
			<categories>
				<li>RatkinStory</li>
			</categories>
			</li>
		</backstoryFiltersOverride>
		<apparelMoney>
			<min>600</min>
			<max>1200</max>
		</apparelMoney>
		<apparelAllowHeadgearChance>0.4</apparelAllowHeadgearChance>
		<weaponMoney>
			<min>250</min>
			<max>800</max>
		</weaponMoney>
		<weaponTags>
			<li>RK_GuerrillaMelee</li>
		</weaponTags>
		<apparelTags>
			<li>RK_1Tier</li>
			<li>RK_LightArmor</li>
		</apparelTags>
	</PawnKindDef>
	
	<PawnKindDef ParentName="RKPartisanBase">
		<defName>RatkinGuerrillaElite</defName>
		<label>랫킨 정예 유격대원</label>
		<combatPower>120</combatPower>
		<apparelRequired>
			<li>RK_Backpack</li>
		</apparelRequired>
		<isFighter>true</isFighter>
		<backstoryFiltersOverride>
			<li>
			<categories>
				<li>RatkinStory</li>
			</categories>
			</li>
		</backstoryFiltersOverride>
		<apparelMoney>
			<min>800</min>
			<max>1700</max>
		</apparelMoney>
		<apparelAllowHeadgearChance>0.5</apparelAllowHeadgearChance>
		<weaponMoney>
			<min>600</min>
			<max>2000</max>
		</weaponMoney>
		<weaponTags>
			<li>RK_Rifle</li>
		</weaponTags>
		<modExtensions>
			<li Class="CombatExtended.LoadoutPropertiesExtension">
				<primaryMagazineCount>
					<min>6</min>
					<max>9</max>
				</primaryMagazineCount>
			</li>
		</modExtensions>
		<apparelTags>
			<li>RK_2Tier</li>
		</apparelTags>
	</PawnKindDef>
<!-- 정규 반군 -->

 	<PawnKindDef Name="RKRebelBase" Abstract="True">
	    <race>Ratkin</race>
		<defaultFactionType>Ratkin_Rebels</defaultFactionType>
		<chemicalAddictionChance>0.10</chemicalAddictionChance>
		<baseRecruitDifficulty>0.50</baseRecruitDifficulty>
		<backstoryCryptosleepCommonality>0</backstoryCryptosleepCommonality>
		<minGenerationAge>15</minGenerationAge>
		<maxGenerationAge>60</maxGenerationAge>
		<backstoryFilters>
			<li>
				<categories>
					<li>RatkinStory</li>
					<li>RatkinSoldier</li>
					<li>RatkinGuardener</li>
				</categories>
			</li>
		</backstoryFilters>
		<itemQuality>Normal</itemQuality>
		<apparelIgnoreSeasons>false</apparelIgnoreSeasons>
		<techHediffsMoney>			
			<min>200</min>
			<max>700</max>
		</techHediffsMoney>
		<techHediffsTags>
			<li>Simple</li>
		</techHediffsTags>
		<techHediffsMaxAmount>1</techHediffsMaxAmount>
		<techHediffsChance>0.15</techHediffsChance>
		<invNutrition>2</invNutrition>
		<invFoodDef>MealJerky</invFoodDef>
		<requiredWorkTags>
			<li>Violent</li>
		</requiredWorkTags>
	</PawnKindDef>
	
	<PawnKindDef ParentName="RKRebelBase">
		<defName>RatkinRebel_Rifleman</defName>
		<label>랫킨 반군 소총병</label>
		<combatPower>200</combatPower>
		<apparelRequired>
			<li>RK_Backpack</li>
			<li>RK_OrderUniformB</li>
			<li>RK_BulletProofHelmet</li>
		</apparelRequired>
		<isFighter>true</isFighter>
		<backstoryFiltersOverride>
			<li>
			<categories>
				<li>RatkinSoldier</li>
				<li>RatkinStory</li>
			</categories>
			</li>
		</backstoryFiltersOverride>
		<apparelMoney>
			<min>3000</min>
			<max>4500</max>
		</apparelMoney>
		<apparelAllowHeadgearChance>1</apparelAllowHeadgearChance>
		<weaponMoney>
			<min>2000</min>
			<max>3000</max>
		</weaponMoney>
		<weaponTags>
			<li>RK_RebelRifle</li>
		</weaponTags>
		<modExtensions>
			<li Class="CombatExtended.LoadoutPropertiesExtension">
				<primaryMagazineCount>
					<min>5</min>
					<max>6</max>
				</primaryMagazineCount>
			</li>
		</modExtensions>
		<apparelTags>
			<li>RK_Rebel</li>
		</apparelTags>
		<skills>
			<li>
				<skill>Shooting</skill>
				<range>5~13</range>
			</li>
			<li>
				<skill>Melee</skill>
				<range>3~13</range>
			</li>
		</skills>
	</PawnKindDef>

	<PawnKindDef ParentName="RKRebelBase">
		<defName>RatkinRebel_Charger</defName>
		<label>랫킨 반군 돌격병</label>
		<apparelRequired>
			<li>RK_Backpack</li>
			<li>RK_OrderUniformB</li>
			<li>RK_BulletProofHelmet</li>
		</apparelRequired>
		<combatPower>170</combatPower>
		<isFighter>true</isFighter>
		<backstoryFiltersOverride>
			<li>
			<categories>
				<li>RatkinSoldier</li>
				<li>RatkinStory</li>
			</categories>
			</li>
		</backstoryFiltersOverride>
		<apparelMoney>
			<min>3000</min>
			<max>4500</max>
		</apparelMoney>
		<apparelTags>
			<li>RK_Rebel</li>
		</apparelTags>
		<apparelAllowHeadgearChance>1</apparelAllowHeadgearChance>
		<weaponMoney>
			<min>1000</min>
			<max>2500</max>
		</weaponMoney>
		<weaponTags>
			<li>RK_RebelST</li>
			<li>RK_RebelSMG</li>
			</weaponTags>
		<modExtensions>
			<li Class="CombatExtended.LoadoutPropertiesExtension">
				<primaryMagazineCount>
					<min>7</min>
					<max>8</max>
				</primaryMagazineCount>
			</li>
		</modExtensions>
		<skills>
			<li>
				<skill>Shooting</skill>
				<range>4~10</range>
			</li>
			<li>
				<skill>Melee</skill>
				<range>7~13</range>
			</li>
		</skills>
	</PawnKindDef>
	
	<PawnKindDef ParentName="RKRebelBase">
		<defName>RatkinRebel_Recruit</defName>
		<label>랫킨 반군 신병</label>
		<combatPower>100</combatPower>
		<apparelRequired>
			<li>RK_Backpack</li>
			<li>RK_OrderUniform</li>
		</apparelRequired>
		<isFighter>true</isFighter>
		<backstoryFiltersOverride>
			<li>
			<categories>
				<li>RatkinSoldier</li>
				<li>RatkinStory</li>
			</categories>
			</li>
		</backstoryFiltersOverride>
		<apparelMoney>
			<min>2400</min>
			<max>3500</max>
		</apparelMoney>		
		<apparelTags>
			<li>RK_Rebel</li>
		</apparelTags>		
		<apparelAllowHeadgearChance>0.5</apparelAllowHeadgearChance>
		<weaponMoney>
			<min>600</min>
			<max>1300</max>
		</weaponMoney>
		<weaponTags>
			<li>RK_RebelPT</li>
			</weaponTags>
		<modExtensions>
			<li Class="CombatExtended.LoadoutPropertiesExtension">
				<primaryMagazineCount>
					<min>4</min>
					<max>5</max>
				</primaryMagazineCount>
			</li>
		</modExtensions>
		<skills>
			<li>
				<skill>Shooting</skill>
				<range>2~5</range>
			</li>
			<li>
				<skill>Melee</skill>
				<range>0~3</range>
			</li>
		</skills>
	</PawnKindDef>
	
	<PawnKindDef ParentName="RKRebelBase">
		<defName>RatkinRebel_ChildSoldier</defName>
		<label>랫킨 반군 소년병</label>
		<combatPower>80</combatPower>
		<apparelRequired>
			<li>RK_Backpack</li>
			<li>RK_OrderUniform</li>
		</apparelRequired>
		<minGenerationAge>14</minGenerationAge>
		<maxGenerationAge>17</maxGenerationAge>
		<isFighter>true</isFighter>
		<backstoryFiltersOverride>
			<li>
			<categories>
				<li>RatkinStory</li>
			</categories>
			</li>		
		</backstoryFiltersOverride>
		<apparelMoney>
			<min>2400</min>
			<max>3500</max>
		</apparelMoney>		
		<apparelTags>
			<li>RK_Rebel</li>
		</apparelTags>		
		<apparelAllowHeadgearChance>0.2</apparelAllowHeadgearChance>
		<weaponMoney>
			<min>600</min>
			<max>1300</max>
		</weaponMoney>
		<weaponTags>
			<li>RK_RebelPT</li>
		</weaponTags>
		<modExtensions>
			<li Class="CombatExtended.LoadoutPropertiesExtension">
				<primaryMagazineCount>
					<min>4</min>
					<max>5</max>
				</primaryMagazineCount>
			</li>
		</modExtensions>

		<skills>
			<li>
				<skill>Shooting</skill>
				<range>1~3</range>
			</li>
			<li>
				<skill>Melee</skill>
				<range>0~2</range>
			</li>
		</skills>
	</PawnKindDef>
	
	<PawnKindDef ParentName="RKRebelBase">
		<defName>RatkinRebel_Squadleader</defName>
		<label>랫킨 반군 분대장</label>
		<combatPower>230</combatPower>
		<apparelRequired>
			<li>RK_Backpack</li>
			<li>RK_OrderUniformB</li>
			<li>Apparello_Beret</li>
			<li>Apparello_Gas</li>
		</apparelRequired>
		<isFighter>true</isFighter>
		<backstoryFiltersOverride>
			<li>
			<categories>
				<li>RatkinSoldier</li>
				<li>RatkinStory</li>
			</categories>
			</li>
		</backstoryFiltersOverride>
		<apparelMoney>
			<min>4000</min>
			<max>6500</max>
		</apparelMoney>
		<apparelTags>
			<li>RK_Rebel</li>
		</apparelTags>
		<apparelAllowHeadgearChance>1</apparelAllowHeadgearChance>
		<weaponMoney>
			<min>2000</min>
			<max>3000</max>
		</weaponMoney>
		<weaponTags>
			<li>RK_RebelRifle</li>
		</weaponTags>
		<modExtensions>
			<li Class="CombatExtended.LoadoutPropertiesExtension">
				<primaryMagazineCount>
					<min>5</min>
					<max>6</max>
				</primaryMagazineCount>
			</li>
		</modExtensions>
		<skills>
			<li>
				<skill>Shooting</skill>
				<range>8~16</range>
			</li>
			<li>
				<skill>Melee</skill>
				<range>7~14</range>
			</li>
		</skills>
	</PawnKindDef>
</Defs>